id,native,english,domain,subdomain,tense,dialect,dateCreated,createdBy
02ekdrtqy,Gavumenti ehereza obukonyezi hali abalimi,Government provides subsidies to farmers,ECO,,,Rutooro,2026-02-20 15:31:21.872+00,lpys3ifza
02hmucp68,Enyama hamu na amata bigaba ebirisa mumubiri gwomuntu.,Meat and milk are a source of proteins  in the human body.,AGR,AGR-LVS,Present,Rutooro,2026-02-20 08:10:48.893+00,mu7n2sm1v
04ucdkfk3,Omwana omwojo taliira Musafuliya.,A boy is prohibited to eat from  a source pun .,CUL,CUL-TAB,Present continuous,Rutooro,2026-02-22 07:56:13.497+00,ruom6sfi4
0c1jsuump,Emilingo eri nyingi ekozesebwa okutaaha akatale,Many ways can be used in market penetration,ECO,,,Rutooro,2026-02-24 12:25:12.315+00,lpys3ifza
0fviwc2t0,Endyanga eyo erimu embibo yange.,That bag contains my seeds.,AGR,,,Rutooro,2026-02-24 10:49:49.196+00,6rp3pc92m
0itgnpm2v,John aine ebisobere amubiri gwe.,John has disability.,HLT,HLT-MEN,"Present ",Rutooro,2026-02-26 11:09:14.922+00,nus6yvak7
0o5w40abl,MUSIIME MUKAMA BAITU MURUNGI,Give thanks to the Lord for He is good.,SPR,,Present continuous,Rutooro,2026-02-24 08:29:01.775+00,ruom6sfi4
0x68yv9o3,Itaka erirungi riine ekirisa.,Good soil has nutrients.,AGR,AGR-LND,Present,Rutooro,2026-02-20 13:55:59.822+00,mu7n2sm1v
0yzjviwnz,Abaguzi bataito muno,"Buyers are very few ",ECO,,Noun,Rutooro,2026-02-20 10:36:34.97+00,lpys3ifza
0zgkbu9v0,"Omukubi nyakairagura murungi omubwomezi bwaitu nka, omubwiga.",Vegetables are good to our health.,AGR,,,Rutooro,2026-02-24 10:52:49.713+00,6rp3pc92m
10qew983p,pamba nikyo ekirimwa ekibyarwa habwokutunda kwonka.,Cotton is a cash crop.,AGR,,,Rutooro,2026-02-24 10:42:40.044+00,6rp3pc92m
10st8e4mo,Kusemererwa akugenda omwirwariro kufuna obujajabi.,Joy is going in the hospital for treatment.,HLT,,"Present ",Rutooro,2026-02-26 09:26:47.042+00,nus6yvak7
11fdqtgbz,Abasubuzi boona baina okusasira omusolo gw'ebintu byabu,All trader must pay taxes on their goods,ECO,,,Rutooro,2026-02-20 11:50:09.322+00,lpys3ifza
11u4chp6t,Abaguzi baina kuba besigwa hali abaguzi baabu,Customers must have trust with their traders,ECO,,,Rutooro,2026-02-24 10:05:23.483+00,lpys3ifza
13ulwan3p,Ky'0mugaso muno kwekebenza akahuuka k'omunywerero (sirimu) n'omukazi wawe rundi omusaija wawe hamu n'abaana bawe omumaka.,It is very important to test for HIV/AIDs with your partner and your children at home.,HLT,,"Present ",Rutooro,2026-02-25 13:12:41.461+00,nus6yvak7
16s9s9zbg,biretaho kuhingisa sente obu batunda ebintu aheru yeihanga nka enyama y'ente.,Source of foreign exchange due to exports like beef.,AGR,,,Rutooro,2026-02-24 13:17:18.042+00,6rp3pc92m
19j1enj92,Eby'entuga bya Bunyoro byasigikiraaga hansibika n'itaka,Wealth was based on cattle and land,ECO,,,Rutooro,2026-02-24 10:24:35.394+00,lpys3ifza
1bpwbezrx,Akasumi kanu haroho emirobyo ekuyamba abaguzi hamu n'abasubuzi okugura n'okutunda ebintu byabu,"online marketing is helping buyers and sellers to connect together for business ",ECO,,,Rutooro,2026-02-21 11:54:16.796+00,lpys3ifza
1c5fj44g8,Ente ziha eka amata.,Cows give milk for the family.,AGR,AGR-LVS,Present,Rutooro,2026-02-20 12:26:10.386+00,mu7n2sm1v
1dyk2x5l2,Itaka balikozesa kuza ebimera.,Land is used for growing crops.,AGR,AGR-LVS,present,Rutooro,2026-02-21 06:35:27.23+00,mu7n2sm1v
1k1yzhlfe,Encu nibazuhura omuli ekiijongo.,Fish is kept in ponds.,AGR,AGR-FSH,present,Rutooro,2026-02-21 06:17:23.431+00,mu7n2sm1v
1kqj7upt5,"Orwihura, oruta mubafu, n'omara notamu amaizi, n'omara n'orukamura, n'omara n'obinaba, bitaba orusu orumbi omu basiganzi.","Momordica Foetida, you put in the basin, then you pour water on it, then you squeeze it, then after you bath it, it treats bad smell in the body more especially among the Youth.",HLT,HLT-TRA,"Present ",Rutooro,2026-02-20 12:31:26.366+00,nus6yvak7
1qfr9wrl0,Omukozi wa labaratore yaapima esagama kuroora obuhuka.,"The laboratory technician analysed the blood sample infection ",HLT,HLT-MOD,"Present ",Rutooro,2026-03-04 09:30:40.505+00,nus6yvak7
1tioe86lx,Kaija akagura ebintu omubwingo,"Kaija bought goodd in wholesale ",ECO,,,Rutooro,2026-02-20 12:29:37.739+00,lpys3ifza
20vq8ksj7,Irungu l'itanira n'ebimera habwa ebirisa.,Weeds compete with crops for nutrients .,AGR,AGR-CRP,present,Rutooro,2026-02-21 07:22:32.081+00,mu7n2sm1v
214gslxrv,Orwezo rusemeza okura kwebimera.,Fertilizers improve crop growth.,AGR,AGR-CRP,present,Rutooro,2026-02-21 07:03:28.021+00,mu7n2sm1v
22f77q3ft,Nkunihira kuturukya emigimba rukumi omurugonjo rwange rw'ebitooke mu busumi bunu.,I hope to produce one thousand bunches of bananas from my my banana plantation this season.,AGR,,,Rutooro,2026-02-24 10:06:49.617+00,6rp3pc92m
24x08pfdn,Enchu bazitunda mukatale.,Fish is sold in the local market.,AGR,AGR-FSH,Present,Rutooro,2026-02-20 12:07:38.441+00,mu7n2sm1v
268jlhzx0,Kiiza atunga ebigwererezi bingi omu by'obusubuzi bye,"Kiiza faces alot of financial risks in his trading ",ECO,,,Rutooro,2026-02-20 12:34:12.874+00,lpys3ifza
2akxas8ac,Kitone aine itungo eribyairwe kagadi,"Kitona has an investment in kagadi ",ECO,,,Rutooro,2026-02-20 12:20:30.493+00,lpys3ifza
2d4eyvq58,Enchu basigesa nibakoseza ebitimba.,Fish are harvested using nets.,AGR,AGR-FSH,Present,Rutooro,2026-02-20 15:40:09.352+00,mu7n2sm1v
2eqhc5fuk,abaguzi b'emigabo kuruga omu ikorre lya kakira batungire amagoba gabu,shareholders from kakira factory have received their dividends,ECO,,,Rutooro,2026-02-24 09:51:40.334+00,lpys3ifza
2ryaudwkk,Kubyara ebirimwa bibiri rundiki bihingwiremu omumusiri gumo kyetebwa enjwangani y'ebirimwa.,The growing of two or more crop species on the same piece of land is called intercropping.,AGR,,,Rutooro,2026-02-24 10:16:30.916+00,6rp3pc92m
2s7hjvfbs,Kurawa kuyambaho kunyeta kwebisoro.,Castration in animals helps them to grow fat.,AGR,,,Rutooro,2026-02-24 12:35:58.113+00,6rp3pc92m
2tvj03vbu,eby'obususbuzi ebirukukira bina obizibu by'obususma za sente,most businesses face alot of fraud,ECO,,,Rutooro,2026-02-24 09:53:50.878+00,lpys3ifza
2uuhur90l,Embarabara mu matungo kutangwa no kufuhirra.,Ticks in livestock can be controlled by spraying .,AGR,AGR-LVS,Present,Rutooro,2026-02-20 10:23:28.347+00,mu7n2sm1v
2v18ab2lr,Ibumba likwata amaizi habwa obwire buraihire.,Clay soil holds water for long.,AGR,AGR-LND,present,Rutooro,2026-02-21 06:39:54.018+00,mu7n2sm1v
2vf0w1bfy,Amaizi omu itaka gasagika kumera kwe'kibyeirwe.,Soil moisture supports plant growth.,AGR,AGR-CRP,Present,Rutooro,2026-02-20 14:37:02.268+00,mu7n2sm1v
2vwnt0ngl,Abasubuzi bakukozesa ebirobyo kiryanga ebintu byabu,"Traders are using platforms to market for their goods ",ECO,,,Rutooro,2026-02-21 11:42:38.002+00,lpys3ifza
3c14rlbha,"Omukasumi kanu,eby'obususbuzi nibikorebwa omunsi yoona","In the modern era,trade is carried out globally",ECO,,,Rutooro,2026-02-24 10:31:51.788+00,lpys3ifza
3dwqi6xdv,Omusaija tabyama nanyina .,Man is prohibited to have Sextual intercourse with his Mother.,CUL,CUL-TAB,Present continuous,Rutooro,2026-02-22 09:01:22.177+00,ruom6sfi4
3hj29vq44,Abasubuzi bakozire amagoba maigi muno omubicooli,Traders have made alot of profits from maize,,,,Rutooro,2026-02-20 12:01:02.575+00,lpys3ifza
3k52jmu40,uganda eresireho okusasura omusolo gw'obukama,Uganda has introduced royal tax among all kingdoms,ECO,,,Rutooro,2026-02-24 10:16:04.159+00,lpys3ifza
3oerpg1nh,Empaya eyo erwaire.,That hee goat is sick.,AGR,,,Rutooro,2026-02-24 11:50:41.351+00,6rp3pc92m
3qjcwwgmq,Omugusa gugumira muno enyikira yobwire.,Sorghum is a drought resistant plant .,AGR,AGR-CRP,simple present tense,Rutooro,2026-02-20 07:48:16.635+00,mu7n2sm1v
3szg6tnpk,Haroho okugwa kw'emihendo y'ebintu omwihanga,"There is a deflation of goods and services in the country ",ECO,,,Rutooro,2026-02-20 12:38:12.259+00,lpys3ifza
3v0qrfoii,"Endwara y'okweraliikira ari omuntu agira okutina n'okweraliikira muno muno n'obu hataroho enkintu ky'amaani ekimutinisa. Atina okweyongera omu maisho g'abantu, atina kwija ebijanguzo ebine abantu bainji muno. Abantu abandi abamulora batekereza ngu takugonza abantu, abaitu  nikiba kiri endwara emuli  omu mutima gwe.","Anxiety disorder. Aperson with disorder may experience condition such as excessive fear and worry. They avoid public speaking, large gathering, and may appear unfriendly.",HLT,HLT-MEN,"Present ",Rutooro,2026-02-24 14:40:16.011+00,nus6yvak7
3vsl1671y,Okusoho muno enchu ekuhinguraine ha nyanja ya Mwitanzige kiretereizeho  okukendera kwe enchu muyanja.,Over fishing on Lake Albert has led to declining of fish stocks.,AGR,AGR-FSH,simple present tense,Rutooro,2026-02-20 09:33:46.76+00,mu7n2sm1v
3xivc3qze,Eminiongoorozi gyongeza kutahamu kw'amaizi omwitaka.,Earthworms increase water infiltration in the soil.,AGR,,,Rutooro,2026-02-24 09:56:31.948+00,6rp3pc92m
3y3d50cre,Abasubuzi bahaire abaguzi Babu obuhereza bwabusa kubahokyaho ebintu baguzire,"Traders have given free delivery to their customers ",ECO,,Noun,Rutooro,2026-02-20 11:47:54.326+00,lpys3ifza
44ffvsfmq,"Mukwano erinzire obwesigwa bw'ibara ,ekireterize abaguzi kwikara nibagurayo",Mukwano has maintained it brand loyalty which ensures repurchase by buyers,ECO,,,Rutooro,2026-02-24 13:00:45.241+00,lpys3ifza
44jrlbr6f,Ekikaijo ekyo ky'embibo etabwire.,That sugarcane is of hy-breed spiece.,AGR,,,Rutooro,2026-02-24 11:00:45.049+00,6rp3pc92m
496w03miu,Embuzi zikara nyangu kutunga.,Goats are cheap to rear.,AGR,AGR-LVS,simple present tense,Rutooro,2026-02-20 07:59:56.039+00,mu7n2sm1v
49coyy139,Talemwa bbakamuha ebaruha ekworekya oku aina kusasura ebisale by'amaizi ge,"Talemwa was given an invoice to pay for his water bills ",ECO,,,Rutooro,2026-02-21 09:12:24.221+00,lpys3ifza
4do28cgut,Entaama eremereirwege kuzara ekyana.,The sheep failed to give birth to the lamb.,AGR,,,Rutooro,2026-02-24 12:33:52.605+00,6rp3pc92m
4dv33m5ud,Komwiswa ogu aliba mugaiga omunsi.,That Komwiswa will be a treasure  in the world.,NAR,NAR-PER,Future,Rutooro,2026-02-24 04:47:39.445+00,7ldvwi8jh
4jdfstkxi,Ente zilya ebinyansi.,Cows feed on pasture.,AGR,AGR-LVS,Present,Rutooro,2026-02-20 13:21:21.617+00,mu7n2sm1v
4jel5g5ek,EMIGASO YEBISORO BYOMUMAKA.,IMPORTANCES OF LIVE STOCK.,AGR,,,Rutooro,2026-02-24 12:54:16.993+00,6rp3pc92m
4lnxaqy1q,"Maginizyamu hiduroxidi, okukendeza kurumwa omuda.",Magnesium Trisilicate or magnesium hydroxide is used for stomach relief.,HLT,HLT-MOD,"Present ",Rutooro,2026-02-20 21:04:04.303+00,nus6yvak7
4qf5eh9xe,"Okutera ekinzo (vaccination), . Okukozesa ekinzi kurinda endwara nka oruseru, poliyo, na COVID-19.","Vaccination program.The use of vaccines to prevent infectious diseases such as measles, polio, and COVID-19 through scientifically developed immunization.",HLT,HLT-MOD,"Present ",Rutooro,2026-02-20 14:54:20.2+00,nus6yvak7
4tvcmk7sh,Emihendo y'ebintu n'obuhereza ekweyongera omwihanga,"The costs of goods and services are increasing in the country ",ECO,,,Rutooro,2026-02-24 06:54:18.227+00,lpys3ifza
4u15j661e,Obulya bw'enguzi bweyongirre omubasubuzi,The misuse of funds has increased among business men,ECO,,,Rutooro,2026-02-20 15:55:28.012+00,lpys3ifza
4xn4cidzl,Rekaho kunywa etaba habwobwomezi bwebihuhe.,Avoid smoking for health lungs.,HLT,HLT-PRE," Present ",Rutooro,2026-02-26 22:19:45.742+00,nus6yvak7
58ag4t3k2,"Kurya emere endungi kutaba edwara nke eryonsi omubaana abaato, Kandi kuretera emibiiri yabu kukura kurungi.",Eating balanced diet prevent disease such as malnutrition in children and it also help their body to grow well.,HLT,HLT-NUT,,Rutooro,2026-02-20 12:53:31.625+00,nus6yvak7
5aulza8qf,Byama kurungi ogarure obwongo bwawe buyaka. .,Sleep well to recharge your brain.,HLT,HLT-PRE,"Present ",Rutooro,2026-02-26 22:23:09.428+00,nus6yvak7
5bogb96x5,Kiliniki erimu obujajabi bw'abaana n'abaana abakyali bato muno.,The clinic offers pediatric service for children and infants.,HLT,," Present ",Rutooro,2026-03-04 12:33:01.319+00,nus6yvak7
5goc3ipon,"Okuhaburwa Kutaba endwara ezikuretebwa etekerezo, kandi koyambaho okukendeza endwara zobutamanya, nakahuka komunywerero (sirimu).","Guidance and Counselling helps to reduce mental health diseases such as stress,depression, anxieties and it has help to reduce diseases caused by caused by ignorance among the people and it also prevents the spread of diseases such HIV/AIDs.",HLT,HLT-MEN,,Rutooro,2026-02-20 13:55:02.434+00,nus6yvak7
5jr7k78aw,Ebintu ebinyakuroho kutunda omwezi gunu bitaito muno,Goodd available for sale this month are less,ECO,,,Rutooro,2026-02-22 12:58:01.325+00,lpys3ifza
5lcffvjby,Enju y'ente bagyeta orugo.,A cow house is called a kraal .,AGR,AGR-LVS,present,Rutooro,2026-02-21 06:27:34.046+00,mu7n2sm1v
5oeh5ldda,Empunu nizetaaga kulisibwa kurungi.,Pigs require proper feeding.,AGR,,Present,Rutooro,2026-02-20 17:19:25.682+00,mu7n2sm1v
5qk1x0nds,Embarabara mu matungo kutangwa no kufuhirra.,Ticks in livestock can be controlled by spraying .,AGR,AGR-LVS,Present,Rutooro,2026-02-20 10:23:12.472+00,mu7n2sm1v
5u50siff7,Karoli purchases his goods on credit,Karoli agura ebintu bye ha ibanja,ECO,,,Rutooro,2026-02-20 12:15:50.466+00,lpys3ifza
5ypg2kxur,Okuramuza kw'abaguzi kukyali hansi muno,"The bargaining power of buyers is still too low ",ECO,,,Rutooro,2026-02-24 06:50:53.65+00,lpys3ifza
5zrsq09s1,Okwesingagana omu buswezi kugira edwara ezikuretebwa obwamaraya nka akahuuka k'omunywerero (Sirimu).,Faithfulness among the married couples reduced the spread of diseases such as HIV/AIDs.,,,,Rutooro,2026-02-20 14:09:20.169+00,nus6yvak7
6103j7j07,"Kuha abantu abaine ebisobere amubiri gwabu, obusobozi, kubakwata kurungi, kubarorera, kubaha emirimo, obujajabi nka abantu abandi abataine ebisobere amubiri gwabu.""",Mainstreaming.,HLT,HLT-MEN,"Present ",Rutooro,2026-02-26 11:12:25.015+00,nus6yvak7
655expdo8,Ebirimwa babigesa bikuzire.,Crops are harvested when mature.,AGR,AGR-CRP,present,Rutooro,2026-02-21 07:36:53.873+00,mu7n2sm1v
6dw6qmm74,Obulyangaine omu by'obususbuzi kuretaho okufa,Trade disputes causes death,ECO,,,Rutooro,2026-02-24 10:14:24.751+00,lpys3ifza
6ed6xug9x,Embarabara mu matungo kutangwa no kufuhirra.,Ticks in livestock can be controlled by spraying .,AGR,AGR-LVS,Present,Rutooro,2026-02-20 10:23:25.092+00,mu7n2sm1v
6ghrskh4l,Peter arwaire kwidukana.,Peter is suffering from diarrhea.,HLT,,"Present ",Rutooro,2026-02-26 21:23:38.92+00,nus6yvak7
6pnpv1bs9,enzoka y'ebintu kuruga uganda nungi muno,the quality of products from uganda is nice,ECO,,,Rutooro,2026-02-24 07:36:01.43+00,lpys3ifza
6ps5rnuql,Embwa erinda amaka gaitu.,A dog safeguards our homes.,AGR,,,Rutooro,2026-02-24 12:03:03.188+00,6rp3pc92m
6sjohgmvi,Maria arweire Kansa y'amabere.,Mary is suffering from breast cancer.,HLT,,"Present ",Rutooro,2026-02-26 10:12:50.803+00,nus6yvak7
704p4ocuq,Nituteekaho obwinganiza.,we put advocate equal rights.,NAR,NAR-PER,Present,Rutooro,2026-02-24 08:49:09.802+00,7ldvwi8jh
75rqpup72,Ekyana kwente  bakweta encwamutwe.,A young one of a cow is called a calf.,AGR,AGR-LVS,Present,Rutooro,2026-02-20 07:20:25.754+00,mu7n2sm1v
76la6ydoa,Nkunihira empunu egyo egya kuba neyenda empaya omwomwezi gunu.,I hope that gilt will be on heat this month.,AGR,,,Rutooro,2026-02-24 12:52:17.177+00,6rp3pc92m
7b1pa3h94,Haroho okwikiraniza hagati y'amahanga hali emihendo y'emotoka,"There is negotiation among countries about the prices of cars ",ECO,,,Rutooro,2026-02-21 11:51:26.375+00,lpys3ifza
7dmfbc3m1,Abasubuzi abakukira bahura sente zabu omwibwekero,"Most traders keep their money on the bank ",ECO,,,Rutooro,2026-02-20 12:19:09.426+00,lpys3ifza
7gg96ny35,"Ebyahuro by'emibu nibyo nka; amaizi agasandaire, ebisaka, ebibira.","Sources of mosquitoes are; stagnant water, bush, forest.",HLT,,"Present ",Rutooro,2026-02-26 09:40:33.121+00,nus6yvak7
7mbaigyvx,Nyine amatungo mayinji nka eitaka.,I own different riches like land.,AGR,,,Rutooro,2026-02-24 09:23:32.052+00,6rp3pc92m
7saqbuff0,Kootamu etaba omuswija gw'emibu.,Coartem such as lumefantrine and Artemether treats malaria.,HLT,HLT-MOD,"Present ",Rutooro,2026-02-20 20:47:00.521+00,nus6yvak7
7vsmxkrdy,Okuburwa obwesigwa omubaguzi kuretaho okugwa kwa eby'obusubuzi,lack of customer loyalty leads to down fall of businesses,ECO,,,Rutooro,2026-02-24 07:43:28.839+00,lpys3ifza
83qtfdns9,Embuzi zanguhire kwahura hakaanyuma.,Goats are easy to keep in the backyard.,AGR,AGR-LVS,Present,Rutooro,2026-02-20 12:47:17.021+00,mu7n2sm1v
89i9rkwk3,Okwalirra kuyamba okukendeza kusenda omugezi nokwikaza amaizi omuitaka.,Mulching helps to reduce soil erosion and retain soil moisture.,AGR,AGR-LND,Present,Rutooro,2026-02-20 09:45:47.231+00,mu7n2sm1v
8adi29ijj,"Ebujanjabi obw'amani obubaha omurwaire ari omwirwariro arweire oburwaire bw'amani nka sukari, puleesa, kansa.",Palliative care.,HLT,,"Present ",Rutooro,2026-02-26 10:46:50.506+00,nus6yvak7
8emqvck49,Kwongeramu ebirisa   omuitaka kiyamba kwongeza obujimu .,"Adding organic matter to the soil improves its structure and fertility. ",AGR,AGR-LND,Present,Rutooro,2026-02-20 08:52:18.582+00,mu7n2sm1v
8fkjgsejf,Abatunzi b'ebintu baina kwikara n'ibara erirungi,Sellers must keep a good brand reputation,ECO,,,Rutooro,2026-02-24 10:03:46.965+00,lpys3ifza
8fpswtor2,Harm akurangirra ebyonbeko bye eby'okupangisa,Harm is advertising his buildings for rent,ECO,,,Rutooro,2026-02-20 15:22:47.074+00,lpys3ifza
8kiupc9q9,Bakaba barwani bobusumi bw'Obote.,"They were warriors during Obote time. ",NAR,NAR-HIS,Past.,Rutooro,2026-02-24 04:42:05.647+00,7ldvwi8jh
8kj2807dc,Itaka lisagika ebimera okura.,Soil supports plant growth.,AGR,AGR-LND,present,Rutooro,2026-02-21 07:42:30.533+00,mu7n2sm1v
8osdw48r7,"Omuntu talya  ayemeriire, aikarra aha ebyokulya ekitinisa.","No one is allowed to eat while standing, sits down to honor food.",CUL,CUL-TAB,Present continuous,Rutooro,2026-02-22 08:47:15.73+00,ruom6sfi4
8tb0596cf,Kunnogorora ebinyoobwa murimo murungi gw'okuhumuriraho.,Plucking ground nuts can be a good passive leisure  activity.,AGR,,,Rutooro,2026-02-24 09:46:12.657+00,6rp3pc92m
9686nbiec,Endwaire omuswija gwo mubyenda.,Am suffering from typhoid fever.,HLT,,"Present ",Rutooro,2026-02-26 09:21:27.866+00,nus6yvak7
97ub37qjy,Tikwehura kurungi omubiri.,Am not feeling well in my body.,HLT,,"Present ",Rutooro,2026-02-26 09:19:18.864+00,nus6yvak7
9emk3fc69,"Omutu asomeraire obusaho, oine kwahura ensita y'abarwaire.","As a professional medical worker, you need to keep Confidentiality of the patient.",HLT,," Present ",Rutooro,2026-02-26 20:45:22.698+00,nus6yvak7
9gv3sekmc,Omutima gwawe gukutera muno.,My heart is beating at a very high speed.,HLT,,"Present ",Rutooro,2026-02-26 10:27:09.563+00,nus6yvak7
9hzwpt469,Omusaho yaasoma ebyafaayo by'oburwaire bw'omurwaire atakatandikire kumujanjaba.,The doctor reviewed the medical history before starting the consultation.,HLT,," Present ",Rutooro,2026-03-04 09:51:29.451+00,nus6yvak7
9moybzlyk,Irungu l'itanira n'ebimera habwa ebirisa.,Weeds compete with crops for nutrients .,AGR,AGR-CRP,present,Rutooro,2026-02-21 07:22:35.932+00,mu7n2sm1v
9nysg1j15,Enu byagyeta nfuka,this is called a hoe.,AGR,AGR-TOO,present,Rutooro,2026-02-20 06:28:54.751+00,ruom6sfi4
9ssypb49q,Ebisobere amubiri,"Disability ",HLT,,"Present ",Rutooro,2026-02-23 09:16:59.644+00,nus6yvak7
9x4nrqul3,Okutangira eby'obususbuzi kweyongirre omubantu bahansi,Trade sanctioning has increased at the local level,ECO,,,Rutooro,2026-02-24 10:12:17.407+00,lpys3ifza
9z4sqq1zu,"Maria akakebenza akahuuka k'omunywerero (Sirimu) omwirwariro, omusaho yamugamba nkusagire oine akahuuka k'omunywerero (sirimu).","Mary tested for HIV/AIDs in the hospital, and the doctor told her, I found out when you have HIV/AIDs positive.",HLT,,"Present ",Rutooro,2026-02-26 07:05:10.062+00,nus6yvak7
a2lb2wqnf,Okuhiiga n'okwita ebisoro kukehya ebisoro omukicweka.,Hunting and killing of  animals reduces fauna in the region.,AGR,,,Rutooro,2026-02-24 10:23:32.379+00,6rp3pc92m
abvguggi8,Ekikozesebwa ky'okuwulira omutima nikikozesebwa muno kuwulira amaraka g'omutima n'ebyaha.,A stethoscope is commonly used to listen to heart and lung sounds.,HLT,," Present ",Rutooro,2026-03-04 12:17:43.253+00,nus6yvak7
ae0slh4hm,Bituhereza ebyokulya nka amata.,They are producers of food like milk.,AGR,,,Rutooro,2026-02-24 12:56:26.473+00,6rp3pc92m
aggptt8aj,Erwariro ry'ebyetaago by'amaani rikoora essaaha zona musana n'ekiro.,The hospital emergency room operates 24 hours a iday.,HLT,,"Present ",Rutooro,2026-03-04 11:54:52.542+00,nus6yvak7
aj9but53k,Maria ahiremu enda y'emyezi musaju .,Mary has aborted the pregnant of seven month.,HLT,,"Present ",Rutooro,2026-02-26 09:15:45.861+00,nus6yvak7
ay6iv1x8p,Kato nakonera emiyembe yaye.,Kato is pruning his mango trees.,AGR,AGR-CRP,Present,Rutooro,2026-02-20 06:47:22.486+00,mu7n2sm1v
az3kp5mc4,"Oburorwaho obw'eziku omubasaija nibyo binu; kurumwa muno n'onyara, amaizi agakwisana amata gafiire nigaruka emubikweka by'esoni.","Signs and symptoms of Gonorrhea in men are; painful urination, discharge from penis, testicular pain.",HLT,," Present ",Rutooro,2026-02-26 21:58:28.08+00,nus6yvak7
az8qjfz4e,Abakazi tibalya enenene.,Women are prohibited to eat grass hoppers.,CUL,CUL-TAB,Present continuous,Rutooro,2026-02-22 08:41:40.894+00,ruom6sfi4
b0vfibm1j,"Amaizi agasigaire omusefuriya omazi kucumba ebitakuru, ogateka mubafu, n'omara n'ogaita na amaizi agecumi, n'omara n'oganaba, gataba orusu orumbi (ekiikara).","Water left in the saucespan after cooking sweat potatoes, you remove them from the saucespan, then you pour it in the basin, then you mix it with fresh water in the basin, then you bath it the whole body, it cures bad smell in the body more especially among the Youth.",HLT,HLT-TRA,"Present ",Rutooro,2026-02-20 14:44:54.197+00,nus6yvak7
brrn2yfmk,Embyara ya kara eyongera ebimera kwana.,Early planting increases yields .,AGR,AGR-CRP,present,Rutooro,2026-02-21 06:56:36.873+00,mu7n2sm1v
bsh1u82kr,"Omukazi owenda , kurungi kukebenza enda omwirwaro.","As pregnant woman, it's very important to go for maternity check-up in the hospital.",HLT,HLT-MAT," Present ",Rutooro,2026-02-25 17:46:59.83+00,nus6yvak7
bujfuhp1y,Taata wange omuto arweire puleesa.,My A uncle is suffering from hypertension.,HLT,,"Present ",Rutooro,2026-02-26 10:09:57.279+00,nus6yvak7
bulbhr6uh,Omwana arweire rundi Omwana arikubi.,"The child is sick ",HLT,,"Present ",Rutooro,2026-02-25 17:18:45.146+00,nus6yvak7
byg0yjes0,Emitaka erwekirisa mukihanga likahara lirungi lwokukuza emikubi ekwiragura.,The fertile soil in the valley is in the valley is good for  growing  vegetables.,AGR,AGR-LND,simple present tense,Rutooro,2026-02-20 09:09:51.486+00,mu7n2sm1v
c5mdwml10,Kammurole obwaraba arasobora kundetera enfuka yange.,Let me see him if he will be able to bring my hoe.,AGR,,,Rutooro,2026-02-24 09:31:21.257+00,6rp3pc92m
c9del6kdm,Enyana ziba ente ento.,Calves are young cows.,AGR,AGR-LVS,present,Rutooro,2026-02-21 06:30:27.922+00,mu7n2sm1v
cc00j9zb8,Maama wange arweire sukari.,My mother is suffering from diabetes.,HLT,,"Present ",Rutooro,2026-02-26 10:08:19.227+00,nus6yvak7
cd29qavqt,"Omukazi owenda , kurungi kukebenza enda omwirwaro.","As pregnant woman, it's very important to go for maternity check-up in the hospital.",HLT,HLT-MAT," Present ",Rutooro,2026-02-25 17:46:58.517+00,nus6yvak7
cte0of32b,Omusaija ogwo muhuma wange.,That man is my herds man.,AGR,,,Rutooro,2026-02-24 10:32:35.857+00,6rp3pc92m
cvpx0htwa,"Kukozesa omubiri kurungi, kutaba endwara z'omubiri ka puleesa, kunyeta muno omubiri, n'edwara zindi ezikuretebwa obunafu omu mubiri.","Physical exercises reduces body diseases such pressure, obesity and other diseases caused by laziness in the body.",HLT,HLT-PRE,,Rutooro,2026-02-20 14:23:28.92+00,nus6yvak7
cxmfu37n2,Encu nizetaga oryoya omuli amaizi.,Fish  need oxygen in water.,AGR,AGR-FSH,present,Rutooro,2026-02-21 08:41:39.933+00,mu7n2sm1v
cxzv1j66a,Harubaju rw'omusiri gw'ebicooli haroho ek'ina kiraihire.,"On the other side of the maize garden , there is a pit hole.",AGR,,,Rutooro,2026-02-24 10:37:00.148+00,6rp3pc92m
cyynhnwmm,Ebintu kuruga Kenya bihangarra muno,"Goods from Kenya are durable ",ECO,,,Rutooro,2026-02-20 15:29:59.128+00,lpys3ifza
czpl9cwko,Endwaire omuswija gw'emibu.,Am suffering from malaria.,HLT,,"Present ",Rutooro,2026-02-26 09:24:00.521+00,nus6yvak7
czttz1q8j,Empunu nizetaaga kulisibwa kurungi.,Pigs require proper feeding.,AGR,,Present,Rutooro,2026-02-20 17:19:29.329+00,mu7n2sm1v
d0xxpw7s3,"Omuringo gw'okutagira omuswija gw'emibu nibyo binu; kwigarira ekina ekirimu amaizi gasandaire ekiri hahi n'amaka, kubyama mu katiba k'emubu, kusaha ekisaka azigati.","Ways to control malaria are; covering pits with stagnant water near the home, sleeping under mosquito net, slashing the compound.",HLT,HLT-PRE,"Present ",Rutooro,2026-02-26 09:51:52.219+00,nus6yvak7
dk2w1dvtp,Abahingi bakozesa emiguha kuboha embuzi.,Farmers use ropes to tie goats.,AGR,AGR-LVS,Present,Rutooro,2026-02-20 14:49:32.055+00,mu7n2sm1v
dkcckbw7k,Empunu nibazitunga habyeyama mumalisizo agakira.,Pigs are reared for meat in most farms.,AGR,AGR-LVS,Present,Rutooro,2026-02-20 07:40:53.744+00,mu7n2sm1v
dmnxg3bc4,Kukora-bukora kuzara amagesa make omuburimi.,To work for the shake of it  brings  low yields in agriculture.,AGR,,,Rutooro,2026-02-24 10:30:55.188+00,6rp3pc92m
dmp3epnyz,Kutangira endwara bukyari kikusinga kujanjaba endwara.,Early prevention of diseases is better than curing diseases.,HLT,HLT-PRE,"Present ",Rutooro,2026-02-25 17:30:15.696+00,nus6yvak7
do3fdvn6u,Okutunga enchu kuteirwemu amani okwengera omuhendo gwe enchu ogukuturikibwa okwenyongeza.,Acquaculture is being promoted to increase fish production.,AGR,AGR-FSH,Present,Rutooro,2026-02-20 09:58:43.012+00,mu7n2sm1v
dqnbd7xon,Enjangu nikyo ekisoro ekyomumaka ekikara kiyonjo.,A cat is an ever clean domestic animal.,AGR,,,Rutooro,2026-02-24 12:01:17.915+00,6rp3pc92m
dryum65is,Nkagwagwana obu narugire omumusiri,I had a deep rest  after garden.,AGR,,,Rutooro,2026-02-24 10:09:41.524+00,6rp3pc92m
dudt7xjea,"Omubazi gw'omuswija kyo muda ka ciprofaxacin, Azithromycin, ceftriaxone bita omuswija gwomunda.","Antibiotic for typhoid such as ciprofloxacin, azithromycin, and ceftriaxone treats typhoid fever.",HLT,HLT-MOD,,Rutooro,2026-02-20 21:29:35.744+00,nus6yvak7
dun5s70zt,Banyoro Batooro kyomuziro kubyama nowanyoko.,In Bunyoro and Tooro to have sexual intercourse with a sister.,CUL,CUL-TAB,Present continuous,Rutooro,2026-02-22 08:56:16.295+00,ruom6sfi4
duye8ybqo,Eby'okutunda bingi muno omubutale,products are many in the market,ECO,,noun,Rutooro,2026-02-20 10:05:14.584+00,lpys3ifza
e0imciy2k,John arweire Kansa.,"John is suffering from cancer .
",HLT,,"Present ",Rutooro,2026-02-26 10:11:36.601+00,nus6yvak7
e2wlf6ao9,Abantu basubura ebintu ebikwahukana,"People trade different products ",ECO,,,Rutooro,2026-02-20 10:41:25.191+00,lpys3ifza
ebzako22c,Omusaija tabyama na Nyin'enkuru,A man is prohibited to have sexual intercourse with the Grand Mother.,CUL,CUL-TAB,Present continuous,Rutooro,2026-02-22 09:15:52.822+00,ruom6sfi4
efew30tpa,ekibwegurra kisisa  ebikora byebirimwa.,Caterpillars destroy crop leaves.,AGR,,,Rutooro,2026-02-24 10:46:05.341+00,6rp3pc92m
eh2ehusoi,Omwani kiri ekirimwa eki balima habwokutunda kwonka.,Coffe is a cash crop.,AGR,AGR-CRP,present,Rutooro,2026-02-21 08:54:35.074+00,mu7n2sm1v
ennm9g6g6,Singa eziku aba etaijajabirwe ekusobora kuretaho butazara Omubakazi hamu n'abasaija.,"When Gonorrhea is untreated, it can causes serious implications like infertility.",HLT,,"Present ",Rutooro,2026-02-26 21:53:27.142+00,nus6yvak7
espifb4na,kenya na bunyoro bakozire endagaano y'ebyokusuburrana,Kenya and Uganda have made their trade agreement,ECO,,,Rutooro,2026-02-24 10:01:48.532+00,lpys3ifza
eunt29mfb,Jane annabirege engaro ze na'amaguru atakatahire omunju yenkoko.,Jane washed her hands and feet before entering in a poultry house.,AGR,,,Rutooro,2026-02-24 09:42:45.114+00,6rp3pc92m
f0ttzj9f3,Manyire kusibika enjoki.,I know know bee keeping,AGR,,,Rutooro,2026-02-24 09:25:27.54+00,6rp3pc92m
f3ywnnxye,Emu hante zange ezairege ekyana kifire,One of my cows given birth to a dead calf.,AGR,,,Rutooro,2026-02-24 12:30:54.308+00,6rp3pc92m
f7g30u1ks,Nkwenda kurya akame ako kiro kinu.,I want to eat that rabbit today.,AGR,,,Rutooro,2026-02-24 11:54:57.387+00,6rp3pc92m
fbz3nlodq,Emihendo y'esimu ekusoboka h'itundiro lya Mariya,"Prices of phones at mariy shop are affordable ",ECO,,,Rutooro,2026-02-20 15:28:46.724+00,lpys3ifza
fcxg41a95,Eby'obusubuzi binaho okusingangana omumirimu yabu,Businesses have a competitve advantage in their operations,ECO,,,Rutooro,2026-02-24 12:33:54.341+00,lpys3ifza
fiequ7xi3,Abasubuzi ba kyaka baina emigabo omukatale ka kyaka,"Kyaka traders have shares in kyaka market ",ECO,,,Rutooro,2026-02-20 12:31:36.519+00,lpys3ifza
fjhta9yp4,Turakita elima emisiri emikooto.,A tractor ploughs large gardens.,AGR,AGR-TOO,present,Rutooro,2026-02-21 07:27:53.046+00,mu7n2sm1v
flgf3rfeo,Omuyaga gw'amani guteire akaniara k'agwa hansi.,Strong wind brew and a malnourished bunch of banana fallen down.,AGR,,,Rutooro,2026-02-24 10:03:05.162+00,6rp3pc92m
fr6gtzhut,Entaama bisoro ebine engeso.,Sheeps are well behaved animals.,AGR,,,Rutooro,2026-02-24 11:56:49.727+00,6rp3pc92m
fsd3w9pgw,Ebihimba ebiyabyaire sabiti ehoire byarukire ira.,The beans i planted last week have already germinated.,AGR,AGR-CRP,Present,Rutooro,2026-02-20 07:00:50.507+00,mu7n2sm1v
fveoz5pzy,Abantu abakara bakozesaaga abutale obw'omukyaro kuhingisaniza ebintu byabu,Poeple in the traditional used local markets to exchange their goods,ECO,,,Rutooro,2026-02-24 09:56:10.83+00,lpys3ifza
fyzlv46sp,Embarabara mu matungo kutangwa no kufuhirra.,Ticks in livestock can be controlled by spraying .,AGR,AGR-LVS,Present,Rutooro,2026-02-20 10:23:14.462+00,mu7n2sm1v
g4camfjpb,Empunu nizetaaga kulisibwa kurungi.,Pigs require proper feeding.,AGR,,Present,Rutooro,2026-02-20 17:19:32.598+00,mu7n2sm1v
g8m0dqdno,Omulirno gwokwahura ebintu ogurungi gu'tanga okusiisikara kw'ebimera.,Good storage prevents crop damage.,AGR,,present,Rutooro,2026-02-21 07:12:42.974+00,mu7n2sm1v
glmpar1eh,Itaka ery'omusenyi  tili'kwata amaizi kurungi.,Sandy soil does not hold water well.,AGR,AGR-LND,Present,Rutooro,2026-02-20 12:57:48.069+00,mu7n2sm1v
glvcn4rko,Nkagira ekirooto kuruga 2023.,I had a vision since 2023.,NAR,NAR-PER,Past.,Rutooro,2026-02-24 04:58:29.302+00,7ldvwi8jh
gmfdpix0t,"Ebijuma bwa akahuuka k'omunywerero (sirimu), bikendeza obuhuka bwa sirimu omumubiri.",RVS( Retroviral Suppressive Therapy) or ART ( Anti retroviral Therapy) reduces HIV/ADs virus in human body.,HLT,HLT-MOD,"Present ",Rutooro,2026-02-20 21:17:04.699+00,nus6yvak7
gmkuhug9x,Amakorre g'emotoka gaina kusasura omusolo gwingi,"Can industries have to pay high taxes ",ECO,,,Rutooro,2026-02-24 07:25:10.376+00,lpys3ifza
gtxo5cr5r,Abantu tibakusasura omusolo,"People are not paying their taxes ",ECO,,"Verb ",Rutooro,2026-02-20 10:38:31.027+00,lpys3ifza
gu0s877bn,ekibwegurra kisisa  ebikora byebirimwa.,Caterpillars destroy crop leaves.,AGR,,,Rutooro,2026-02-24 10:46:10.515+00,6rp3pc92m
gwn1typw1,Enkoko nibazitunga habwa amahuli n'enyama.,Chicken are kept for eggs and meat .,AGR,AGR-LVS,Present,Rutooro,2026-02-20 16:06:29.549+00,mu7n2sm1v
h0gl1m037,Emibu ereta omuswija omu bantu.,Mosquito spreads malaria to people.,HLT,,"Present ",Rutooro,2026-02-26 09:42:47.462+00,nus6yvak7
h0rvb304i,Akakora kubi kumubiiha ijo ngu aine enda.,"Yesterday did bad to myth him that she is pregnant. ",NAR,NAR-PER,Past.,Rutooro,2026-02-24 04:55:31.203+00,7ldvwi8jh
h20kavx2q,Akana k'akame katurukire aheru yenju yobumyo.,A kit is out of the hutch.,AGR,,,Rutooro,2026-02-24 12:46:07.963+00,6rp3pc92m
h2jvevfwo,"Ebikora by'omuyembe, ebikora bya ampera, emizi y'ekibirizi, obingaita musefuriya, n'omara nobitamu amazi, nomara n'obicuuba, bikumara kuuya, n'obinywa, bitaba omuswija.","Leaves of mango tree, leaves of guavas, and roots of bitter leaf, you mix it together in the saucespan, then you pour water on it, then you cook it, after getting ready, you drink it's results, it heals fever.",HLT,,,Rutooro,2026-02-20 11:57:02.53+00,nus6yvak7
h7ubd1ubl,Grace aina esente eziru kumara kutandikaho ikorre,"Grace has alot of capital to start up a factory ",ECO,,,Rutooro,2026-02-24 07:19:09.558+00,lpys3ifza
hcy7llrla,Enyaanya kiri kyokurorwaho ekyebirimwa ebikukura omubusumi buke.,Tomatoes are examples of annual crops.,AGR,,,Rutooro,2026-02-24 10:57:51.847+00,6rp3pc92m
hg2navhgj,Kyojo ahaireyo omutemwa kutaha omu ikorero eryo,"Kyojo has paid a subscription fee to enter into that company ",ECO,,,Rutooro,2026-02-21 11:44:38.631+00,lpys3ifza
hibm7tlu9,Bituhereza ebirisabyeitaka omumuringo gw'ebisa.,They produce manure in form of dung.,AGR,,,Rutooro,2026-02-24 13:01:30.526+00,6rp3pc92m
hq06iz05x,Kusubulira ha mukutu gwa kalimagezi guyamba abasubuzi kukendeza ebisale by'endubata,Online trading helps traders reduce on transportation fee,ECO,,,Rutooro,2026-02-20 11:55:08.366+00,lpys3ifza
hujm5m51i,Esente za Uganda zigwire omuhendo biro binu,"Uganda shillings has no value now days ",ECO,,,Rutooro,2026-02-24 06:49:21.961+00,lpys3ifza
hxombq1l4,"Abarimi obubamaririza kusaha ekisaka, barima hokubyara.","After bush clearing ,farmers cultivate land.",,,,Rutooro,2026-02-24 08:41:12.009+00,6rp3pc92m
hy1hukyu8,"Kukebera omu mubiri n'e byoma byo mulembe. Kukozesa x-ray, CT scan, MRI scan, n'ultrasound okukebera n'okumanya oburwaire by'omunda omu mubiri hataroho okusemeza.","Medical imaging technology. Use of x-rays, CT scans, MRI scans, and ultrasound to diagnose internal conditions without surgery.",HLT,HLT-MOD,"Present ",Rutooro,2026-02-20 17:23:50.233+00,nus6yvak7
hzh2t1t9r,Kahira hamu na John bahingisaniza eby'obusubuzi byabu,"Kahira and John do barter trade ",ECO,,,Rutooro,2026-02-21 11:39:45.106+00,lpys3ifza
i53cvejy1,"Kwokya Omwana omuto, kumuretera kukura kurungi omu mubiri, Kandi Omwana ogwo, aba   namagezi omumisomo ye.","Breast feeding of the child by their mother, help the child to grow well and it also help the child to have knowledge during education studies.",HLT,HLT-NUT,,Rutooro,2026-02-20 13:14:19.228+00,nus6yvak7
i58omje62,"Ebikuretenza obulema nibyo binu nka obutandwa, endwara, kwikara omukikweka ekirimu ebikutoka, etabuka omumaka, enyikara ebi ey'okubonabona, kusikira  obulema omu bazaire bawe, omu bwire bw'okuzara omwana , nebindi nebindi.","Causes of disability are accident, diseases, long term exposure to noisy environment, domestic violence, traumatized condition, genetics, by birthday, and others.",HLT,HLT-MEN,"Present ",Rutooro,2026-02-25 13:01:48.606+00,nus6yvak7
id7ef3g9v,Okukozesa Omubazi ly'okwita obuhuka (antibiotics). Nk'okukozesa penicillin kujanjaba endwara ezireetwa obuhuka nka nyamunywa (pneumonia).,Antibiotic treatment. Use of antibiotics like penicillin to treat bacterial infections such as pneumonia or tuberculosis.,HLT,HLT-MOD,,Rutooro,2026-02-20 15:04:14.641+00,nus6yvak7
iocm65zo1,Kurima obutuzi kukira kukorebwa muno mubicweka ebikurakuraine.,Mushroom growing is highly practiced in urban centers.,AGR,,,Rutooro,2026-02-24 11:04:27.363+00,6rp3pc92m
iocztrknc,Okurorera omuntu kurungi hari hahi kuufa.,End life care.,HLT,,"Present ",Rutooro,2026-02-26 10:36:32.308+00,nus6yvak7
ioowgxx4e,Omukazi tatera kyooya.,whitling is  a Taboo to women.,CUL,CUL-TAB,Present continuous,Rutooro,2026-02-22 08:09:36.345+00,ruom6sfi4
isjjmjovq,Endwaire enkororo.,Am suffering from cough.,HLT,,"Present ",Rutooro,2026-02-26 09:22:44.432+00,nus6yvak7
itvcofyrq,Embarabara mu matungo kutangwa no kufuhirra.,Ticks in livestock can be controlled by spraying .,AGR,AGR-LVS,Present,Rutooro,2026-02-20 10:23:24.489+00,mu7n2sm1v
izcz5p8ej,Emere ye birisa ekuha amani.,Balanced diet gives energy.,HLT,HLT-NUT," Present ",Rutooro,2026-02-26 22:10:18.449+00,nus6yvak7
j0a9flr0z,Encu nibazuhura omuli ekiijongo.,Fish is kept in ponds.,AGR,AGR-FSH,present,Rutooro,2026-02-21 06:17:23.572+00,mu7n2sm1v
j1ubqds84,Nkuja kurora omusaho webisoro kiro kinu.,"I will see a veterinarian today. ",AGR,,,Rutooro,2026-02-24 09:35:21.97+00,6rp3pc92m
j9bjuroxw,Oburungi bw'ekintu bukiha okusinga hali ekindi,Quality gives a competitive advantage to another product,ECO,,,Rutooro,2026-02-24 12:35:24.451+00,lpys3ifza
j9v7jh4od,Ekyanda ki'keehya kuturukya kwebimera.,Drought reduces crop production.,AGR,AGR-CRP,Present,Rutooro,2026-02-20 14:20:47.346+00,mu7n2sm1v
jay6y330l,"Nimmumanya, petero ali musibiki murungi webisoro.","I know him, peter is a good live stock farmer.",AGR,,,Rutooro,2026-02-24 09:38:56.186+00,6rp3pc92m
jdit091uv,Haroho obwinganiza hagati y'ebyobusuzi n'eby'obulimi,"There is an equilibrium between trade and agriculture ",ECO,,,Rutooro,2026-02-20 12:28:40.495+00,lpys3ifza
jhr31u0a1,Ebimera bigesebwa bikuzire.,Crops are harvested when mature.,AGR,AGR-CRP,present,Rutooro,2026-02-21 06:53:24.398+00,mu7n2sm1v
jhzs57mux,"Mukene, otamu amazi gaiji omusefuriya, n'omara n'obicuuba, n'otamu ekisura, bikumara kuuya, n'orya, nohuuta suupu yayo bitaba oruseru.","Silver fish, you pour water too much water in the saucespan, then you cook it, after getting ready, you eat the silver fish and drink it's soup, it heals measles.",HLT,HLT-NUT,,Rutooro,2026-02-20 12:16:13.731+00,nus6yvak7
jj5x42od1,Omusaija tabyama na Mukamwana.,Men are prohibited to have sexual intercourse with daughter in Law.,CUL,CUL-TAB,Present continuous,Rutooro,2026-02-22 09:23:57.665+00,ruom6sfi4
jkfldne38,Kaliisa aina abikozeso ebikumara kutandikaho eby'obusubuzi,"Kaliisa has enough assets to startup a business ",ECO,,,Rutooro,2026-02-21 09:07:12.361+00,lpys3ifza
jld9suzbk,Ebijuma.,Tablet.,HLT,,"Present ",Rutooro,2026-02-26 09:10:54.631+00,nus6yvak7
jngc7el06,"Ebika bye ebisobere amubiri niyo Fisiko, sesary, mento, kuroniko, koginitivu, kuroniko mento ebisobere amubiri.","Types of disabilities are sensory , physical , mental disability, cognitive and chronical mental disability.",HLT,,"Past ",Rutooro,2026-02-23 09:24:35.877+00,nus6yvak7
jpcmfh4wv,Enyana yange tingisangireyoga omurugo.,I did not find my heifer in the kraal.,AGR,,,Rutooro,2026-02-24 12:04:53.322+00,6rp3pc92m
jte3c4c4o,"Maria akakebenza akahuuka k'omunywerero (Sirimu) omwirwariro, omusaho yamugamba nkusagire oine akahuuka k'omunywerero (sirimu).","Mary tested for HIV/AIDs in the hospital, and the doctor told her, I found out when you have HIV/AIDs positive.",HLT,,"Present ",Rutooro,2026-02-26 07:05:08.462+00,nus6yvak7
k25fa47cm,"Oburorwaho obw'eziku Omubakazi nibyo binu; kurunganyo amaizi agakwisana amata gafiire Omubakazi, kurumwa n'onyara, kurumwa omuseke.","Signs and symptoms of Gonorrhea in women are vaginal discharge, painful urinating, palvic pain.",HLT,,"Present ",Rutooro,2026-02-26 21:48:33.495+00,nus6yvak7
k3chmdq9t,Abarimi batandika nibasaha ekisaka obubaba nibatekaniza hokubyara ebirimwa byabyu,farmers starts by bush clearing during garden preparation for crop planting,AGR,,,Rutooro,2026-02-24 08:37:47.817+00,6rp3pc92m
k3vvuv2nr,Itundiro lya Sarah linamu ebintu bingi,"Sarah's business has enough inventory ",ECO,,,Rutooro,2026-02-21 09:15:50.613+00,lpys3ifza
k3yyx2cyz,"Ebika bye ebisobere amubiri ebitari byangu kubirora nibyo nka mento ebisobere amubiri, kuroniko ebisobere amubiri, sensary ebisobere amubiri, nurogiko ebisobere amubiri na kogunitivu.","Types of hidden disability are mental health disability, chronic health disability, sensory disability, neulogical and cognitive disability.",HLT,HLT-MEN,"Present ",Rutooro,2026-02-24 07:56:22.141+00,nus6yvak7
kazkv9myj,Enju y'obume enu nke kusigikirra hamuhendo gw'obume nyina.,That hutch is small compared to the number of rabbits i have.,AGR,,,Rutooro,2026-02-24 12:48:55.205+00,6rp3pc92m
kbf23srih,Emiti i'tanga kusenda omugezi.,Trees prevent soil erosion.,AGR,AGR-LND,Present,Rutooro,2026-02-20 13:41:15.879+00,mu7n2sm1v
kfwk5seda,"Omuringo ogwo kutangira akahuuka k'omunywerero (sirimu) nibyo binu; kwerida otakwegaita omubikorwa by'obwezi, kukozesa kondomu, okwesingagana omubaswezi, kwekebeza burikaire omwirwaro hari abakazi abaine enda, kurekaho kukozesa egirita, ebikwaso, ekinzo abantu babiri rundi bahigwire babiri, kutera omuranga ha radio, Tv nibengesa abantu ebikureterenza oburwaire bya akahuuka k'omunywerero (sirimu), n'omuringo gwo kwerida kutunga akahuuka k'omunywerero, n'emiringo endi.","Prevention of HIV/AIDS are abstain from sex, using condom, faithfulness among the married couples, avoid sharing sharp instruments, caring out maternity check-up among the pregnant woman, sensitization among people through radio by telling them about the causes and measures of HIV/AIDs, and others.",HLT,HLT-PRE,"Present ",Rutooro,2026-02-26 09:04:29.174+00,nus6yvak7
kgfk4kbs5,Kunnogorora ebinyoobwa murimo murungi gw'okuhumuriraho.,Plucking ground nuts can be a good passive leisure  activity.,AGR,,,Rutooro,2026-02-24 09:46:04.796+00,6rp3pc92m
ki4va8qy7,"Omu by'obusubuzi hamu n'obulumi,entahya ekwiganaigana hamu n'enturukya","In trade and agriculture, the income is equal to expenses ",ECO,,,Rutooro,2026-02-22 13:00:51.966+00,lpys3ifza
kju1rphy8,Murungi akagobesa muno kuruga omu sente ayahwire omu ibwekero,Murungi got alot of interests from his money he kept in the bank,ECO,,,Rutooro,2026-02-20 12:23:04.518+00,lpys3ifza
kkbyoxut1,Naaba egaro otakarire emere.,Wash hands before eating food.,HLT,HLT-PRE," Present ",Rutooro,2026-02-26 22:05:13.635+00,nus6yvak7
krplq21gc,Peter arwaire eziku.,Peter is suffering from Gonorrhea.,HLT,,"Present ",Rutooro,2026-02-26 21:24:55.799+00,nus6yvak7
kw0ojhon7,Bihereza emirimo abantu  nka abahuma.,Source of employment opportunity  to people like herds man.,AGR,,,Rutooro,2026-02-24 13:13:08.369+00,6rp3pc92m
ky5znh26p,"Ebipapi by'omugoro, ebigaisire n'orwihura, n'omara nibita musefuriya, notamu amaizi, n'omara n'obicumba, bikumara kuuya n'obinywa, n'omara n'obinaba omubiri gwona bitaba kabwotongo.","Chopped pieces of steudner's dragon tree and momordica Foetida you mix it in the saucespan, then you pour water on it, then you cook it, after getting ready, you drink it's results, and also bath it's results the whole body, it heals syphilis.",HLT,HLT-TRA,"Present ",Rutooro,2026-02-20 14:35:41.393+00,nus6yvak7
kz6bo340n,Haroho okubaganizaamu kw'itungu omubantu,There is resource sharing among people,ECO,,,Rutooro,2026-02-24 10:06:45.785+00,lpys3ifza
l351ortt0,Ebirimwa obubimera birugireyo omwitaka bijubibwa.,"After seeds have germinated and grown , farmers weed the crops.",,,,Rutooro,2026-02-24 08:51:52.428+00,6rp3pc92m
l42mp1q6r,Enjangu eyo ezaire ebyana bisatu.,That cat given birth to three kittens.,AGR,,,Rutooro,2026-02-24 12:28:24.4+00,6rp3pc92m
lfaieuqoa,Ebisoro guli gumo hamihanda y'ebyentaya habarimi abakusibika ebisoro byokutunda.,Source of income to farmers who keep live stock for commercial purposes .,AGR,,,Rutooro,2026-02-24 13:06:56.856+00,6rp3pc92m
lh8sx2wz2,Abasaija tibalya bihaha kakuba babirya baba batiini.,Men are prohibited to eat Lungs if they did they will be fearfull.,CUL,CUL-TAB,Present continuous,Rutooro,2026-02-22 08:14:37.562+00,ruom6sfi4
ljeifwhqd,Kato nakonera emiyembe yaye.,Kato is pruning his mango trees.,AGR,AGR-CRP,Present,Rutooro,2026-02-20 06:47:22.249+00,mu7n2sm1v
lnbt0ls4k,Abantu abakara bakoraga eby'emikono kimu haby'entahya yabu,Elderly used to do craft trade as their main economic activity,ECO,,,Rutooro,2026-02-24 09:59:32.226+00,lpys3ifza
lp2nq2i3j,Ogu aba murangi mukanisa ya kireega.,That is a prophet in Kireega church.,NAR,NAR-PER,Present,Rutooro,2026-02-24 04:50:52.598+00,7ldvwi8jh
lpu9jxrn7,Erwaro rya gavumenti.,Government hospital.,HLT,,"Present ",Rutooro,2026-02-26 09:08:05.985+00,nus6yvak7
lrzgnmnwg,Empunu eyo ezaire ebyana ikumi nabibiri.,That sow given birth to twelve piglets.,AGR,,,Rutooro,2026-02-24 12:40:38.035+00,6rp3pc92m
lt3ezdhsh,Emu hante zange ezairege ekyana kifire,One of my cows given birth to a dead calf.,AGR,,,Rutooro,2026-02-24 12:30:53.901+00,6rp3pc92m
lwbu5sxdp,"Okurorera endwara ez'akire karaira ( chronic diseases). Okurorera endwara ez'akire karaira ka sukari ( diabetes), puleesa ( hypertension), na asima ( asthma), enjajabwa emibazi eya amani muno, kandi nokukebera kwaburiijo.","Chronic diseases management. Long-term treatment plans for conditions like diabetes, hypertension, and asthma using prescribed medication and monitoring system.",HLT,HLT-MOD,"Present ",Rutooro,2026-02-20 16:08:01.385+00,nus6yvak7
lwqfcgqyx,Omeprazole ejaijaba harusaazi.,Omeprazole is used to treat acid reflux or ulcers.,HLT,HLT-MOD,"Present ",Rutooro,2026-02-20 21:12:11.682+00,nus6yvak7
lxtdor1z6,"Ebikureterenza oburwaire bya kahuuka k'omunywerero (sirimu), nibyo binu kweswera n'omukazi rundi omusaija aine akahuuka k'omunywerero mutakozeseze kodomu, kukozesa ekikwaso, ekiizo, ejirita bantu babiri rundi bahigwire babiri, obwire bw'okuzara Omwana, obutadwa, nebindi nebindi.""","Causes of HIV/AIDs are playing unprotected sex with an effected person, sharing sharp instruments, by birth, during accident and others.",HLT,,"Present ",Rutooro,2026-02-26 08:49:08.906+00,nus6yvak7
m40sp4llc,Okulisa kurungi kwongereza kuturukya kw'amata.,Good feeding increases milk production.,AGR,AGR-LVS,present,Rutooro,2026-02-21 06:33:18.994+00,mu7n2sm1v
mf6hbpy61,Nyin'eka taikarra atiire amabega  Irembo.,Head of the family does not sit facing to the backyard.,CUL,CUL-TAB,Present continuous,Rutooro,2026-02-22 09:33:34.171+00,ruom6sfi4
mf8ngdejw,Ebirimwa ebimu nka muhogo ayetagisa kukendeza  ebiti ebiturukire omwitaka.,Some crops like cassava needs plunning to reduce on the number of cassava seedlings.,AGR,,,Rutooro,2026-02-24 09:07:51.039+00,6rp3pc92m
mg9u27erw,"Omubiro byaira muno, hakaba haloho omusezi hakyaro kyaitu ayayetororaga amaka goona.","Long long ago, there was a Sorcerer around our village who was rotating on all homes.",NAR,NAR-HIS,Past.,Rutooro,2026-02-24 04:28:32.385+00,7ldvwi8jh
mh8h8ja1y,Erwaro rye sente.,Private hospital.,HLT,,"Present ",Rutooro,2026-02-26 09:08:54.855+00,nus6yvak7
mkuhprkd3,Embarabara mu matungo kutangwa no kufuhirra.,Ticks in livestock can be controlled by spraying .,AGR,AGR-LVS,Present,Rutooro,2026-02-20 10:23:24.946+00,mu7n2sm1v
mkuwrdvgb,Gahwera aina obukugu omu by'obusubuzi,Gahwera has entrepreneurship skills in business operations,ECO,,,Rutooro,2026-02-24 07:40:12.947+00,lpys3ifza
mlfd19y4a,Okuza amatungo kuleeta entahya hali omuhingi.,Livestock rearing brings income to the farmer.,AGR,AGR-LVS,Present,Rutooro,2026-02-20 13:30:49.543+00,mu7n2sm1v
mn7v0ijll,Turakita bazikozesa kulima.,Tractors are used for ploughing.,AGR,AGR-TOO,Present,Rutooro,2026-02-20 13:04:51.153+00,mu7n2sm1v
mxxqtjpe5,"Kwerarikira muno. Ni ndwara y'embeera y'omutima ekikuru muno eretera omuntu kugira okweraliikira, n'okwetuntura okutahwaho, kuburwa okusemererwa n'okungonza kw'ebintu, kungira obunafu, hamu n'okugumirwa omu kutekereza n'okuteekaho omutima.","Depression. It is serious mood disorder that cause persistent feelings of hopeless, loss of interest, fatigue, and difficulty in concentration.",HLT,HLT-MEN,"Present ",Rutooro,2026-02-24 09:26:21.094+00,nus6yvak7
n3pizv069,Emisolo ehinguraine,"Taxes are so high ",ECO,,Noun,Rutooro,2026-02-20 10:34:56.405+00,lpys3ifza
n4gtk7hp0,Hyoscine etaba kurumwa omuda obweire bwo mukwezi omu bakazi.,Hyoscine is used to treat cramps in ladies during their menstruation period.,HLT,HLT-MOD,"Present ",Rutooro,2026-02-20 21:08:48.364+00,nus6yvak7
n9meuc8mt,abasubuzi balinda bata abaguzi babu,Hoe do businesses maintain customer retention,ECO,,,Rutooro,2026-02-24 12:22:56.728+00,lpys3ifza
nabrolrcf,Enzorra y'akatale y'omugazo muno omukutandikaho eby'obusubuzi,market segmentation is very important while startingup a business,ECO,,,Rutooro,2026-02-24 07:33:42.095+00,lpys3ifza
nkhaaty9m,Kukebera omuswija gw'emibu.,Malaria test.,HLT,,"Present ",Rutooro,2026-02-26 11:26:36.677+00,nus6yvak7
no7v3xwa,"Mento ekika ky'ebisobere amubiri ebitari byangu kurorebwa abantu abandi. Ebwokurorerwaho nibyo binu; kwerarikira muno, kutekereza muno, kwikara n'ojukira ekiibi ekikubaireho omu bwomezi byawe rundi ekiibi ekibaireho abantu abandi, n'okwikara n'ofuna ebitekerezo bingi muno hakizibu ekyakubaireho omubwomezi byawe, n'okuba otaine eyikara edungi omu mubiri gwawe.","Mental health disability. It affects individual emotionally, psychologically, and social well being. Example of mental disability are depression, stress, anxiety, post-traumatic stress disorders, bipolar disorder.",HLT,HLT-MEN,"Present ",Rutooro,2026-02-24 08:25:01.95+00,nus6yvak7
nq1yeb231,NKugonza kuba n'enyomyo kikumi ezembuzi zange,I need to be with one hundred pegs for my goats.,AGR,,,Rutooro,2026-02-24 09:50:17.86+00,6rp3pc92m
nw0dge43l,Obuso busemeza ekijumisa ky'itaka.,Manure improves soil fertility.,AGR,AGR-CRP,Present,Rutooro,2026-02-20 16:21:36.023+00,mu7n2sm1v
nwczbkrjy,Nkugya kwombeka ekiju ky'embwa kyakatano.,I will construct the kennel of a dog on Friday.,AGR,,,Rutooro,2026-02-24 12:21:55.88+00,6rp3pc92m
nwf40vxsx,Omwana omwojo talya buro bwa ha mwiko,A boy is is prohibited to eat millet left on mingling stick.,CUL,CUL-TAB,Present continuous,Rutooro,2026-02-22 08:03:02.974+00,ruom6sfi4
nxi6tykje,Omulingo ogw'okuhereza ebintu emihendo kureetaho abaguzi,Agood pricing strategy attracts buyers,ECO,,,Rutooro,2026-02-24 12:27:12.424+00,lpys3ifza
nz7u0jvc9,"Ebikuretenza ekika kya mento ky'ebisobere amubiri nibyo etabuka omumaka, ebera embi eyokubonabona, oburwaire, ebitekerezo bingi muno, n'ebindi n'ebindi.","Causes of mental disability are domestic violence, traumatized condition, diseases, stress and others.",HLT,HLT-MEN,"Present ",Rutooro,2026-02-24 06:48:14.956+00,nus6yvak7
o0jaddd80,Kunnogorora ebinyoobwa murimo murungi gw'okuhumuriraho.,Plucking ground nuts can be a good passive leisure  activity.,AGR,,,Rutooro,2026-02-24 09:46:00.809+00,6rp3pc92m
o7cwdu00v,Omusubuzi akahandiikisibwa omu katale,"A trader is registered in the market ",ECO,,,Rutooro,2026-02-20 11:37:34.157+00,lpys3ifza
ob9kuth6m,Eby'obususbuzi byahonderaga ebiragiro ebyakara,Trade followed customary laws in bunyoro,ECO,,,Rutooro,2026-02-24 12:21:29.109+00,lpys3ifza
obbm22aph,Omwana omwisiki atangwa Kutwekerwa hazigati,"A young Girl is prohibited to have a pregnant before Marriage. ",CUL,CUL-TAB,Present continuous,Rutooro,2026-02-22 07:51:26.219+00,ruom6sfi4
ofm7d1jon,Abarimi bafuhirira ebirimwa byabyu nemibazi ey'ebihuka.,Farmers spray their crops with pest cides.,,,,Rutooro,2026-02-24 08:56:06.207+00,6rp3pc92m
ogvvt6iny,eby'obususbuzi bya serugo biremerirwe kusasura ibanja,serugo's business has a default in debt repayment,ECO,,,Rutooro,2026-02-24 09:49:21.971+00,lpys3ifza
ohbqs88hl,Abantu basubura ebintu byabu bulikiro,"People trade their goods everyday ",ECO,,Noun,Rutooro,2026-02-20 11:36:20.325+00,lpys3ifza
olm7zt779,Abarimi basarura ebirimwa byabu obubiba bikuzire.,Farmers harvest their crops when they are mature.,AGR,,,Rutooro,2026-02-24 09:12:25.442+00,6rp3pc92m
onddo7e2v,Ikorre lya mukwano liina abaherreza b'ebintu baigi,"Mukwano factory has many distribution channels ",ECO,,,Rutooro,2026-02-24 07:24:01.981+00,lpys3ifza
onij1hj05,"Obulema nikyo ekigambo ekikozesebwa okumanyisa hamu ebintu byona ebiromu obulemu by'omubiri rundi obw'amagezi, okukendeera kw'obushobozi bw'okukora emirimo, hamu n'okuremesebwa kw'okwegaita omu bikorwa by'abantu abandi.","Disability is an umbrella term covering impairments, activity limitation, and participation restriction.",HLT,HLT-MEN,"Present ",Rutooro,2026-02-25 12:30:48.089+00,nus6yvak7
onlvc3k33,Kutunga encu kuhanga emirimu.,Fish farming creates employment.,AGR,AGR-FSH,Present,Rutooro,2026-02-20 15:54:51.708+00,mu7n2sm1v
oob329q62,Omuhende gwa sukaali gweyongiire Kandi abantu tibakyagijumbira,"The price of sugar is higher and people's demand has reduced ",ECO,,Noun,Rutooro,2026-02-20 12:08:17.603+00,lpys3ifza
ozzi1150u,Haroho iburably'ebinyobwa omu bunyoro,Therenis scarcity of groundnuts in bunyoro,ECO,,,Rutooro,2026-02-21 11:40:58.128+00,lpys3ifza
p493ag0r2,"Kukebera omu mubiri n'e byoma byo mulembe. Kukozesa x-ray, CT scan, MRI scan, n'ultrasound okukebera n'okumanya oburwaire by'omunda omu mubiri hataroho okusemeza.","Medical imaging technology. Use of x-rays, CT scans, MRI scans, and ultrasound to diagnose internal conditions without surgery.",HLT,HLT-MOD,"Present ",Rutooro,2026-02-20 17:23:48.661+00,nus6yvak7
p4nt517rd,"Omuntu okurwana n'endwara eyo kwerarikira muno asobora kugira obuzibu okwefaaho n'obunywani bwe, kutaba mu bikorwa by'abantu abandi, n'obutahikiriza emirimo ye mu bwire obushemereire . Emirundi mingi abantu nk'abo batwarwa n'kabagala oba  abataine maani.","Andividual struggling with depression might struggle to maintain personal hygiene, attend social events, meet work deadline. They are often perceived as lazy people.",HLT,HLT-MEN,"Present ",Rutooro,2026-02-24 10:03:33.042+00,nus6yvak7
p52bvn6p8,"Obwecuumi, butaba endwara eziretwa oburofu ka omuswija gwomunda, okuturuka, amazomba, n'edwara ezindi ezikuretebwa oburofu.","Good hygiene prevents diseases which is caused by poor sanitation such as typhoid fever, diarrhoea, ring worms and others.",HLT,HLT-PRE,"Present ",Rutooro,2026-02-20 12:40:09.018+00,nus6yvak7
p59gr4bxm,Amadiiba garegwa hanyuma yokubaaga ebisosro nikwo garindibwe kurungi.,Hides and skins are stretched after animal slaughtering for preservation.,AGR,,,Rutooro,2026-02-24 10:20:24.752+00,6rp3pc92m
p8sfuzm9z,Eminiongoorozi byokurya birungi ebyencu.,Earthworms are good food types for fish.,AGR,,,Rutooro,2026-02-24 09:52:48.375+00,6rp3pc92m
pdxirb3ez,Abalimi b'omwani bakumanyisa amagesa gabu,Coffee growers are marketing their harvests,ECO,,Verb,Rutooro,2026-02-20 15:15:27.228+00,lpys3ifza
pex56n706,Biyamba kusasura omukaga omubusumi bw'okuswera.,for payment of dowry during marriage.,AGR,,,Rutooro,2026-02-24 13:09:14.091+00,6rp3pc92m
pez17nprd,"Kugenda omukwezi, kugenda omubingere.",Menstruation.,HLT,,"Present ",Rutooro,2026-02-26 10:32:09.504+00,nus6yvak7
pjjgr9avq,Empunu nizetaaga kulisibwa kurungi.,Pigs require proper feeding.,AGR,,Present,Rutooro,2026-02-20 17:19:30.764+00,mu7n2sm1v
pu84e2niy,Omusubuzi omurungi asasura omusolo,"A good trader must pay taxes ",ECO,,,Rutooro,2026-02-20 11:51:01.844+00,lpys3ifza
pxobvqvfp,Enjura  eyamba ebimera okukura kurungi.,The rain  helps crops to grow well.,AGR,AGR-CRP,Present,Rutooro,2026-02-20 11:29:20.215+00,mu7n2sm1v
pzne4nfb5,Agaba akora embarirra ya sente ze kurungi,"Agaba makes a good accountability of his money ",ECO,,,Rutooro,2026-02-20 12:11:24.068+00,lpys3ifza
q549bsdxc,Omwisiki arwaire obune.,She is suffering from kidney.,HLT,,"Present ",Rutooro,2026-02-26 10:29:31.559+00,nus6yvak7
q7wpcscua,Abalimi bakoseza enfuka kulima.,Farmers use hoes to dig the soil.,AGR,AGR-TOO,Present,Rutooro,2026-02-20 11:47:44.999+00,mu7n2sm1v
q85n4uvwi,Nkurumwa omutwe.,Am feeling headache.,HLT,,"Present ",Rutooro,2026-02-26 09:17:40.809+00,nus6yvak7
q95crm673,"Oburwaire bw'okweraliikira okw'ahanyuma y'akabi akahingwire. Busobora kubaho hanyuma y'okuhura rundi kuroora ekintu ekibi muno eky'akabi. Buleeta oburorwaho nka okugarukwamu kw'ebiteekerezo eby'akabi ako, okweraliikira muno, ebirooto ebibi, n'ebitekerezo by'otakusobora kutangira kutekereza ha kintu ekibaireho. Bikusobora kuremensa omuntu kukora emirimo ye kurungi kandi n'okweteeraniza hamu n'abantu abandi.","Post-traumatic stress disorder. It can develop after experiencing or witnessing a traumatic events leading to symptoms such as flash backs, severe anxiety, night mares, uncontrolled  about events . It can significantly impair daily functioning and social interaction.",HLT,HLT-MEN,"Present ",Rutooro,2026-02-24 13:02:53.787+00,nus6yvak7
qa2rwdn63,Ajuna asasurra emotoka ye omubicwekacweka,"Ajuna pays for his car in installments ",ECO,,,Rutooro,2026-02-22 12:52:47.611+00,lpys3ifza
qgweuehb9,Obujajabi yaahandika ebipimo by'omubiri gw'omurwaire nka pulesa y'esagama n'okuteera kw'omutima.,"The nurse recorded the patient's vital signs, including blood pressure and heart rate.",HLT,," Present ",Rutooro,2026-03-04 09:40:15.416+00,nus6yvak7
qjfryq779,Kwiyamu enda.,Abortion.,HLT,," Present ",Rutooro,2026-02-26 09:11:57.698+00,nus6yvak7
ql4bz6tsm,Omusiri ogwebihimba gukaba guhikire kugesa.,The field of beans was ready for harvesting.,AGR,AGR-CRP,past,Rutooro,2026-02-20 08:16:32.483+00,mu7n2sm1v
qoa0e9bg3,Eby'enturukya by'ebyobusuzi bikusinga amagoba gekutunga,Business expenses are more than the profits it earns,ECO,,,Rutooro,2026-02-22 12:56:25.67+00,lpys3ifza
qwea8gyox,Omusaija tabyama na Nyinento,"A Man is prohibited to have sexual intercourse with Maternal Aunt. ",CUL,CUL-TAB,Present continuous,Rutooro,2026-02-22 09:11:17.301+00,ruom6sfi4
r0svi0t8j,Simon ayongeza ohabwingi bw'ebintu akutunda buli mwezi gwa musenene,"Simon offers a promotion on his goods every November ",ECO,,,Rutooro,2026-02-20 15:26:33.065+00,lpys3ifza
r18pw5ygg,Obwetaago bw'akatale k'ebihimba buli haiguru muno,The market demand of beans is too high,ECO,,,Rutooro,2026-02-24 12:37:15.465+00,lpys3ifza
r1xfocizz,Erwaro,Hospital.,HLT,,"Present ",Rutooro,2026-02-26 09:06:51.45+00,nus6yvak7
r2dbqlulg,"Ruhanga nukwo yagondeze ati Ensi,yahayo Omwanawe ayazairwe omu wenka,Omuntu weena anyakumwikiriza aleke okubura, baitu atunge obwomeezi obutwahwaho.","For GOD loved the world that He gave His only one and only son, that who ever believes in Him, shall not perish but have eternal life.",SPR,,Present continuous,Rutooro,2026-02-24 08:46:57.494+00,ruom6sfi4
rbhe7dw4n,"Ebika bya mento ebisobere amubiri nibyo ebitekerezo bingi muno, okwerarikira kwaamani, okuwa amani omubiri, n'ebika ebindi.","Types of mental disability are stress, depression, anxieties and others.",HLT,HLT-MEN,"Present ",Rutooro,2026-02-23 10:20:28.701+00,nus6yvak7
rdjjt50ka,"Okujanjaba kansa. Okukozesa ka kemosirape, radiyosirape, imyunosirape, n'emibazi endi ekutaba kansa yemiringo yingi.","Cancer Therapy. Treatment such as chemotherapy, radiotherapy, immunotherapy, and other therapy that treat different types of cancer.",HLT,HLT-MOD,"Present ",Rutooro,2026-02-20 17:01:13.174+00,nus6yvak7
ri6uwymxv,Orugo nikyo ekikaro ekirarwamu ente.,A kraal is where cattle sleep.,AGR,,,Rutooro,2026-02-24 12:07:24.148+00,6rp3pc92m
rp4rulg8a,Obulemu n'obuzibu omu mirimo y'omubiri rundi omu nteekateeka y'omubiri.,Impairment is the problem in body function or structure.,HLT,HLT-MEN,"Present ",Rutooro,2026-02-25 11:20:37.785+00,nus6yvak7
rp8h2fk29,Abasubuzi baina ebintu eby'omuhendo,"Traders have expensive products ",ECO,,Noun,Rutooro,2026-02-20 11:56:22.453+00,lpys3ifza
rpae10jkc,Okuhuura guli mulingo  ogukusingayo kwihamu ebihimba omubisusu.,Beans are best extracted from the bean pods by hitting strongly.,AGR,,,Rutooro,2026-02-24 10:27:46.961+00,6rp3pc92m
rpiwn3vi3,"Kuroniko ekika ky'ebisobere amubiri ebitari byangu kurorebwa abantu abandi. Oburwaire obwamani muno obukusinga tibwoorekya oburorwaho obw'aheru  abantu abandi bubakusobora kwanguha kukenga byangu baintu oburwaire obwo buretaho obusansi, kuhwa amaani, n'omubiri gurekaho kukora kurungi. Ebwokurorerwaho bya kuroniko ekika ky'ebisobere amubiri nibyo oburwaire bwomunywerero (Sirimu), asima,  kansa, sukari, puleesa, nebindi nebindi.","Chronic health disability. Many illness do not have outward sign but can cause significant pain, fatigue, and functional limitation. Examples of chronic health disability are HIV/AIDs, Asthma, cancer, diabetes, hypertension and others.",HLT,,,Rutooro,2026-02-24 08:56:01.963+00,nus6yvak7
rr2xnpmif,"Meto ebisobere amubiri ni yo ebeera ekutelibaniza omuntu omubitekerozo, onyerabya ye hamu ne egenso nze.","Mental disability. Refers to the conditions that affect a person's thoughts, feelings and behavior.",HLT,,,Rutooro,2026-02-23 09:47:46.202+00,nus6yvak7
rso54ipop,Abasubuzi baferirwe sente nyingi muno hanyuma y'okusubura ebihimba,Traders have made alot of losses after trading in beans,ECO,,,Rutooro,2026-02-20 12:05:15.372+00,lpys3ifza
rt52zz2n0,Maria atunga okusasirwa oku akorirre buli hanyuma y'omwezi,"Maria always gets a commission after every month ",ECO,,,Rutooro,2026-02-22 12:48:49.667+00,lpys3ifza
rtxzhl661,Abasubuzi basaliireho abaguzi Babu emihendo ha bintu bakutunda,"Traders have offered discount to their customers ",ECO,,,Rutooro,2026-02-20 11:42:19.156+00,lpys3ifza
russrdcvv,Emisiri emikoto eri nungi yokulima ebirimwa ebw'okutunda kwonka.,Large fields are good for cash crops.,AGR,AGR-CRP,Present,Rutooro,2026-02-20 14:58:37.005+00,mu7n2sm1v
s6p3zsucx,"Ebikora bya karitunsi bikyari biito obigaita naiju ryo mukyoota, n'omara n'otamu amaizi, n'omara n'obikamura, n'omara n'obisengaija, n'omara n'onywa ensande yabyo, bitaba enkororo.","Young leaves of eucalyptus tree, mixed with ash and water, then you squeeze it, then you filter it, after you drink it's results from it, it heals cough.",HLT,HLT-TRA,"Present ",Rutooro,2026-02-20 20:22:17.307+00,nus6yvak7
swgy8qr8p,Omusubuzi okwekorra omu by'obusubuzi bye wenka,"Sole proprietor is a person who sales goods individually ",ECO,,,Rutooro,2026-02-24 07:26:53.928+00,lpys3ifza
t5ix6bph6,Omwana akutanaka.,The child is vomiting.,HLT,,"Present ",Rutooro,2026-02-25 17:20:31.824+00,nus6yvak7
t6279a4vj,Abanyeete nibo ekigendererwa ky'okuguza ebintu binu,Youths are the target market of this product,ECO,,,Rutooro,2026-02-24 12:28:43.594+00,lpys3ifza
tantzwjs0,Itaka ery'orwezo lizaara ebirimwa bingi.,Fertile soil produces many crops.,AGR,AGR-CRP,Present,Rutooro,2026-02-20 12:43:03.118+00,mu7n2sm1v
trgyxo8vg,Banyoro Batooro kyomuziro kubyama nowanyoko.,In Bunyoro and Tooro to have sexual intercourse with a sister.,CUL,CUL-TAB,Present continuous,Rutooro,2026-02-22 08:56:16.523+00,ruom6sfi4
ttzz36uyq,Omwana arweire oruseru.,The child is suffering from measles.,HLT,,"Present ",Rutooro,2026-02-26 10:15:23.844+00,nus6yvak7
ty8a7e4ml,Taata wange bamutaire hakitabu omwirwariro.,My father his admitted in the hospital.,HLT,,"Present ",Rutooro,2026-02-26 10:06:30.209+00,nus6yvak7
tyova0qzq,Embuzi zetaaga amaizi aga kusemera buli kiro.,Goats need clean water daily.,AGR,AGR-LVS,present,Rutooro,2026-02-21 07:07:44.125+00,mu7n2sm1v
u55k4sh0h,Okugonza kw'abantu omukukozeza ekintu kuhinduka bulikiro,Consumer preference changes every day,ECO,,,Rutooro,2026-02-24 12:30:59.025+00,lpys3ifza
u8dt42yj6,Amahanga akagukira gasuburaana,"Most countries trade together ",ECO,,,Rutooro,2026-02-20 15:19:35.161+00,lpys3ifza
uhsp5662m,Ebihimba bi'kura kurungi omuli itaka ery'orweezo.,Beans grow well in fertile soil.,AGR,AGR-CRP,present,Rutooro,2026-02-21 06:59:38.749+00,mu7n2sm1v
uhymsikgb,Empunu nizetaaga kulisibwa kurungi.,Pigs require proper feeding.,AGR,,Present,Rutooro,2026-02-20 17:19:27.579+00,mu7n2sm1v
uizy87vrs,Amakorre g'emotoka gaina abakozi baigi,"Car factories have many employees ",ECO,,,Rutooro,2026-02-21 09:10:06.434+00,lpys3ifza
up9wlptak,Emihendo y'ebintu omu Bunyoro yasigikiraaga hakwikiraniza kw'abantu,Prices of goods in bunyoro were determined through their bargaining power,ECO,,,Rutooro,2026-02-24 10:18:11.788+00,lpys3ifza
ussir88vz,"Ebikora by'omuyembe, ebikora bya ampera, emizi y'ekibirizi, obingaita musefuriya n'omara n'otamu amazi, n'omara n'obicuuba, bikumara kuuya, n'obinywa bitaba omuswija.","Leaves of mango tree, leaves of guavas, and roots of bitter leaf, you mix it together in the saucespan then you cook it, after getting ready, you drink it's results, it heals fever.",HLT,,"Present ",Rutooro,2026-02-20 12:05:57.565+00,nus6yvak7
uyri1ynbz,Abasubuzi begire kusubura ebintu ebirungi,"Traders have learnt how to trade good products ",ECO,,Verb,Rutooro,2026-02-20 11:35:05.745+00,lpys3ifza
v72okbkov,Amadiba gakozesebwa nk'ebyokujwara.,Hides and skins are used for clothings,AGR,,,Rutooro,2026-02-24 12:58:51.1+00,6rp3pc92m
v9fjzh33z,"Okusemeza (surgery). Okusemeza omutima, okutereeza ebicweka by'omubiri, n'okuhindura ebicweka ( organ transplant).","Surgical procedures. Complex surgeries such as heart by pass surgery, organ transplantation, minimally invasive laparoscopic operation.",HLT,HLT-MOD,"Present ",Rutooro,2026-02-20 15:16:00.582+00,nus6yvak7
vd4c9648g,Abalimi ba bunyoro baguzaga ebintu byabu obukama obubaherire,Farmers had trade partners with their neighbouring kingdoms,ECO,,,Rutooro,2026-02-24 10:29:10.529+00,lpys3ifza
vdjo055ol,Emihendo y'okukorebebintu eli haiguru muno,"The costs of production of goods are too high ",ECO,,,Rutooro,2026-02-22 12:50:53.022+00,lpys3ifza
vfwoqga6h,Ekyana ky'embwa yange kikuburaho.,The puppy of my dog is missing.,AGR,,,Rutooro,2026-02-24 12:25:07.427+00,6rp3pc92m
vgdd59rcp,Abenjezi abakutunda ebintu basasura omusolo guke muno,"Hawkers pay less taxes ",ECO,,,Rutooro,2026-02-20 15:20:57.415+00,lpys3ifza
vj16rk6b1,ebikozeso by'ebyobusubuzi bihoire hamutindo,all my business assets have depreciated,ECO,,,Rutooro,2026-02-24 09:47:33.566+00,lpys3ifza
vj966fxhh,Embarabara mu matungo kutangwa no kufuhirra.,Ticks in livestock can be controlled by spraying .,AGR,AGR-LVS,Present,Rutooro,2026-02-20 10:23:21.09+00,mu7n2sm1v
vq4i9mmlv,Habwaki nobyara ebicholi byawe mubwire bwekyanda.,Why are you planting your maize during dry season?,AGR,AGR-CRP,Present,Rutooro,2026-02-20 07:06:46.249+00,mu7n2sm1v
vqotzruzv,Abarimi batekaniza emisiri hokubyara ebirimwa byabu,farmers prepare gardens for planting their crops,AGR,,,Rutooro,2026-02-24 08:21:01.171+00,6rp3pc92m
vqwisrntx,Orole abo abaana habwomutahuura bwabu ekyambu kibaisire.,"See these Children, because of not listening the river kills them  ",NAR,NAR-CHI,Present,Rutooro,2026-02-24 04:36:03.852+00,7ldvwi8jh
vqx0ogo28,"Ebika bye ebisobere amubiri ebitari byangu kubirora. Ebika binu bye bisobere amubiri biretaho obuzibu bwingi muno amuntu, habwokuba abantu abandi baba nibarora omuntu arikurungi baintu omuntu ogu atarikurungi omubwomezi bwe.",Hidden disability is the type of disability which is not easily to observe. It can lead to unique set of challenges as an individual is perceived normal despite experiencing significant impairment.,HLT,HLT-MEN,"Present ",Rutooro,2026-02-24 07:34:36.121+00,nus6yvak7
vtgbode3w,Kulima obutareka kujwaya.,Digging for a long time causes exhaustion.,AGR,,,Rutooro,2026-02-24 10:12:06.544+00,6rp3pc92m
vtkksgdk1,"Panado ekendeza oburumi, n'ekiiriro ky'omswija. Osinga gimira oine ebwokurorwaho nko kurumwa omutwe,omuswija, n'esenyinga.","Panadol is used for pain reliever and fever reducer. It is often used to treat symptoms like headache, fever, and sometimes cough when it's related to flu.",HLT,HLT-MOD,"Present ",Rutooro,2026-02-20 20:56:19.595+00,nus6yvak7
vymqvmmfu,Nkurumwa omunda.,Am feeling stomach pain.,HLT,,"Present ",Rutooro,2026-02-26 09:30:14.811+00,nus6yvak7
vywoqs7il,Bihereza emirimo abantu  nka abahuma.,Source of employment opportunity  to people like herds man.,AGR,,,Rutooro,2026-02-24 13:13:10.873+00,6rp3pc92m
w4rnpvm2m,kumanya ebirimwa by'emiringo minji kirungi.,To know different types of crops is good.,AGR,,,Rutooro,2026-02-24 09:27:42.849+00,6rp3pc92m
w9uwrh3xo,okuhangarra kw'emotoka omukatale kuraira muno,the product life cycle of cars is too long,LAW,,,Rutooro,2026-02-24 07:37:41.082+00,lpys3ifza
we1ma7b8j,Okutwara ebintu aherru y'ihanga kweyongire,Thale exportation of goods han increased,ECO,,,Rutooro,2026-02-24 07:22:01.793+00,lpys3ifza
whbjy5xsq,MUSIIME MUKAMA BAITU MURUNGI,Give thanks to the Lord for He is good.,SPR,,Present continuous,Rutooro,2026-02-24 08:29:01.572+00,ruom6sfi4
whiprk8ec,Emisolo eyamba gavumenti kuhikyaho abantu obuhereza oburungi,"Taxes help the government to provide good services to people ",ECO,,,Rutooro,2026-02-20 11:52:51.549+00,lpys3ifza
wilv7l3ut,Abasubuzi abakusinga omu bunyoro bali bakinoomu,"Most businessmen in bunyoro are retail traders ",ECO,,,Rutooro,2026-02-21 11:46:00.189+00,lpys3ifza
wjipi39c6,Omwihwa taswerwa  akunamira Ekka.,It is  a Taboo to Marry a Niece.,CUL,CUL-TAB,Present continuous,Rutooro,2026-02-22 09:28:46.666+00,ruom6sfi4
wolwqhz0v,amaizi bwomeezi,water is life,ENV,,present,Rutooro,2026-02-23 14:35:40.771+00,z7cmq5grs
wtqcji23u,Abaisiki tibatemba  Gaali habwokutiina batasisikara,Girls are prohibited to ride bicycles in line of protecting virginity.,CUL,CUL-TAB,Present continuous,Rutooro,2026-02-22 08:34:56.78+00,ruom6sfi4
wuy933f26,Omwana omwojo talya ebisigirwa,"A boy is prohibited to eat  left over food. ",CUL,CUL-TAB,Present continuous,Rutooro,2026-02-22 07:43:50.226+00,ruom6sfi4
wyg6wu33l,Enjura obwegwa abarimi babyara ebirimwa.,At the beginning of rainy season farmers plant crops.,,,,Rutooro,2026-02-24 08:49:12.175+00,6rp3pc92m
x0bwhzlql,Amatungo baine kugateera ekikatu.,Livestock should be vaccinated.,AGR,AGR-LVS,Present,Rutooro,2026-02-20 13:37:00.85+00,mu7n2sm1v
x75owl2rv,Abakukozesa ebintu byange bweyongirre,"My consumers have increased in number ",ECO,,,Rutooro,2026-02-24 06:52:14.582+00,lpys3ifza
x9ep96k1i,Emibazi.,Medicine.,HLT,,"Present ",Rutooro,2026-02-26 09:10:07.181+00,nus6yvak7
xa7zrf83a,Yona atunga emiga kuruga omu MTN Uganda,"Yona is a shareholder in MTN Uganda ",ECO,,Noun,Rutooro,2026-02-21 09:09:03.063+00,lpys3ifza
xgfkg2u2t,"John akakebenza akahuuka k'omunywerero (sirimu) omwirwariro, omusaho yamugamba nkusagire otaine akahuuka k'omunywerero (sirimu).","John tested for HIV/AIDs in the hospital and the doctor told him, I found out when you have HIV/AIDs negative.",HLT,,"Past ",Rutooro,2026-02-26 08:29:13.044+00,nus6yvak7
xgv4qed5i,Abasubuzi bakutunda ebintu byabu hamihendo yahansi muno,"Traders are selling their goods cheaply ",ECO,,Verb,Rutooro,2026-02-20 07:43:54.418+00,lpys3ifza
xjlpvjgj0,ekibwegurra kisisa  ebikora byebirimwa.,Caterpillars destroy crop leaves.,AGR,,,Rutooro,2026-02-24 10:46:08.001+00,6rp3pc92m
xkm64i1sd,Enguri nikyo ekyombeko ekyombekerwe kuhunika ebirimwa ebisarwirwe.,Granary is a house constructed purposely for storing crops after harvesting.,AGR,,,Rutooro,2026-02-24 09:16:03.564+00,6rp3pc92m
xls8m8ikf,"Omukazi owenda , kurungi kukebenza enda omwirwaro.","As pregnant woman, it's very important to go for maternity check-up in the hospital.",HLT,HLT-MAT," Present ",Rutooro,2026-02-25 17:47:01.137+00,nus6yvak7
xyifx611y,"Eziku burwaire obukuretebwa obwenzi rundi obwamaraya, bureetwa obuhuka, oburwaire bunu butaliibaniza ebicweka ebyesoni Omubakazi rundi abasaija.",Gonorrhea is sexually transmitted infection caused by bacteria affecting reproductive system.,HLT,," Present ",Rutooro,2026-02-26 21:34:45.692+00,nus6yvak7
ybmwbcovl,Kugema endwara kutangira endwara.,Vaccine protect against diseases.,HLT,HLT-PRE,,Rutooro,2026-02-26 22:15:22.883+00,nus6yvak7
ycbczo87e,"Ebikora bw'ekibirizi, okigaita n'amaizi, n'omara n'obikamura, n'omara n'obisengaija, n'omara n'onywa ensande yabyo, bitaba omuswija.","Leaves of bitter leaf, you mix it with water, then you squeeze it, then you filter it, after you drink it's results, it heals fever.",HLT,HLT-TRA,"Present ",Rutooro,2026-02-20 20:27:06.699+00,nus6yvak7
ye4f5g1ri,Amaizi amayonjo gayamba encu okukura kurungi.,Clean water helps fish to grow.,AGR,AGR-FSH,present,Rutooro,2026-02-21 06:20:57.177+00,mu7n2sm1v
yftfs7md8,Haroho empindukahinduka yamani omukihanda ky'ebyobusubuzi,There is a big diversification in the trading sector,ECO,,,Rutooro,2026-02-21 11:47:39.068+00,lpys3ifza
ygspoqrgz,Ebicooli biri ebyokulya ebikanya.,Maize is a common food crop.,AGR,AGR-CRP,present,Rutooro,2026-02-21 06:43:59.829+00,mu7n2sm1v
yi9xs60dg,Emiti i'tanga kusenda omugezi.,Trees prevent soil erosion.,AGR,AGR-LND,Present,Rutooro,2026-02-20 13:41:16.022+00,mu7n2sm1v
yo0hzj0kg,"Ebikuretenza obulema nibyo binu nka obutandwa, endwara, kwikara omukikweka ekirimu ebikutoka, etabuka omumaka, enyikara ebi ey'okubonabona, kusikira  obulema omu bazaire bawe, omu bwire bw'okuzara omwana , nebindi nebindi.","Causes of disability are accident, diseases, long term exposure to noisy environment, domestic violence, traumatized condition, genetics, by birthday, and others.",HLT,HLT-MEN,"Present ",Rutooro,2026-02-25 13:01:49.792+00,nus6yvak7
yphjj27q0,Abahingi bafuuhira ebimera kubitanga obukooko.,Farmers spray crops to prevent pests.,AGR,AGR-CRP,present,Rutooro,2026-02-21 07:16:30.737+00,mu7n2sm1v
yqexhdfw4,Entahya y'ihanga omu by'obusubuzi ekyali hansi muno,The country's income from trade and commerce is still too low,,,,Rutooro,2026-02-22 13:02:25.569+00,lpys3ifza
yu70kux88,Kurima obutuzi kukira kukorebwa muno mubicweka ebikurakuraine.,Mushroom growing is highly practiced in urban centers.,AGR,,,Rutooro,2026-02-24 11:04:29.031+00,6rp3pc92m
ywv5ju4bs,Okwogerera abantu bwire bwingi bwokuba bari bomezi.,Improvement of life expectancy.,HLT,,"Present ",Rutooro,2026-02-21 06:11:22.069+00,nus6yvak7
yxnh6ex4v,"okusarura obukuba kuhoire, amagesa tugahunika omunguri.",After harvesting crops are kept in a granary.,AGR,,,Rutooro,2026-02-24 09:20:33.497+00,6rp3pc92m
yxtaqxbf8,Akame akasaija karirege obwana bubiri obw'akame akakazi.,The doe eaten two kittens of the rabbit.,AGR,,,Rutooro,2026-02-24 12:43:20.95+00,6rp3pc92m
yy8xveagw,"In the tradional,people produced goods mainly for consumption purposes",Kara abantu balimaga ebintu eby'okulya kwonka,ECO,,,Rutooro,2026-02-24 10:26:37.571+00,lpys3ifza
z0cixfiuc,Empunu zilya ebisigara by'ebyokulya.,Pigs eat food remains and feeds .,AGR,AGR-LVS,present,Rutooro,2026-02-21 07:31:58.047+00,mu7n2sm1v
z5yayqjr5,Kukebeza enda erimu Omwana.,Martenity check-up.,HLT,HLT-MAT," Present ",Rutooro,2026-02-26 11:19:59.561+00,nus6yvak7
z7fzguuke,Omuntu asobora kusuburu na mugenzi we,"A person can partne with a friend ",ECO,,,Rutooro,2026-02-20 11:40:17.386+00,lpys3ifza
zfok7skb9,Emihendo yebyokulya etembere,"Prices of food have gone higher ",ECO,,Noun,Rutooro,2026-02-20 07:37:36.59+00,lpys3ifza
zrc29hy37,Tusiime akatunga ibanja ly'okusubura ebintu kuruga omulyahurro,"Tusiime got a loan for the business from the bank ",ECO,,,Rutooro,2026-02-20 15:36:25.778+00,lpys3ifza
zwt8e56tb,"Oburwaire bwa Bipolar. Bungira oburorwaho nka mania, n'okweraliikira muno. Obwire bwa mania omuntu abanza aine obwangu bwingi muno, kandi obwire bw'okweraliikira muno, omuntu arekaho kukora kurungi omubiri n'omumirimo ye yoona.","Bipolar disorder. It is characterized by extreme mood swimming for example high emotional (mania), and low emotional (depression). During mania, an individual experience rapid speech, and during depression, and individual experience inability to function.",HLT,HLT-MEN,"Present ",Rutooro,2026-02-24 13:52:22.862+00,nus6yvak7