id,word,dialect,definitionEnglish,definitionNative,pos,domain,subdomain,exampleSentence1,exampleSentence1English,exampleSentence2,exampleSentence2English,additionalSentences,relatedWords,nounClass,verbExtensions,tamMarkers,register,audience,sourceType,provenance,copyright,dateCreated,createdBy
td5x11wt8,Eryogero,Mixed,Bathroom for bathing,ekisika kyokogera mu,N,DLY,,Eryogero ry'ecumi muno.,The bathroom is very clean.,Agenzire mu ly'ogero kwoga.,she has gone in the bathroom to take a shower.,[],ekinabiro,,[],[],general,general,original_composition,,Project_License,2026-02-20 19:18:19.867+00,1lzzop9e4
tdryigism,Kumalirra,Mixed,Finally,kuhendera,V,NAR,NAR-ANI,hakumalirra gwali murundi gwange gwokubanda kurora entale nerra yatandika kutekaniza omulingo gundi gwokutungiramu ebyokulya.,"Finally it was my first time to see the lion crying started planning for another way of getting food. ","nyowe nkasiga embogo nekiisa kimu, entale neraara enjara nidugayo.",i left the Buffalo surviving that day and the lion sleeps empty stomach i leave.,[],emalirra,,[],[],informal,general,original_composition,,Project_License,2026-02-19 14:11:51.912+00,7ldvwi8jh
teewm0e5k,Abeeri,Rutooro,,,N,,,,,,,[],,,[],[],general,general,original_composition,,Project_License,2026-02-18 14:00:32.505+00,ruom6sfi4
tf8u7z9kr,OKUGARAGARA,Mixed,"Time for Mourning ","Okuleka kusemererwa, Okwezinda Omubujune",V,,,OKUGARAGARA ngeso yaitu Bunyoro na Tooro Omuntu abw'afeerwa amara ebiro bisatu rundi Bbina atarukwegonza ali mubujune.,To mourn a relative for three or four days is our practice in Bunyoro and Tooro.,OKUGARAGARA Omukama  obwaba atuulize kutwara ebiro Mwenda hanyuma batabaaza Omuguta.,"MOURNING for A king takes Nine days there after is Buried. ",[],"Obujune, kuleka kulya,  kusemererwa busaho, Kwezinda.",,[],[],general,general,original_composition,,Project_License,2026-02-20 18:03:04.265+00,ruom6sfi4
tg2o857yj,Omukubi,Mixed,sauce(is a liquid or semi liquid food),Omukubi gwokulisa ebyokulya.,V,DLY,,Nakoza omukubi gwebihimba.,He is eating the bean souce.,Omukubi gunuzire muno.,The souce is very sweet.,[],"omuneneserezo(fried souce with out soup e.g meat,beans,ground nuts)",,[],[],general,general,original_composition,,Project_License,2026-02-21 12:53:37.678+00,1lzzop9e4
tg4ryq61v,Orujungu,Mixed,English,,N,EDU,,Nabaza orujungu.,He/ She is talking in English,Tamanyire rujungu.,Does not know English.,[],orulimi rw'abajungu(language for Europeans),,[],[],general,general,original_composition,,Project_License,2026-02-18 13:40:25.676+00,wmqgng8ap
th6t0n1ck,EMPAAKO,Runyoro,Pet name in Tooro and Bunyoro,Ekitinisa  ky'omuntu Omunsi ya Bunyoro na Tooro,N,,,EMPAAKO yange niyo Apuuli,My Pet name is Apuuli,EMPAAKO y'Omukazi wange niyo Abboki,Abboki is pet name for my wife,[],"Amooti, Adyeri, Akiiki, Abwoli,Atwoki,Atenyi,Abboki, Acaali, Apuuli, Araali, Bbala,  Okaali",,[],[],general,general,original_composition,,Project_License,2026-02-18 09:07:13.46+00,ruom6sfi4
thfqxfsvg,Ebiserere,Mixed,,,N,,,,,,,[],,,[],[],general,general,original_composition,,Project_License,2026-02-21 13:37:14.322+00,7ldvwi8jh
tho6s4fnp,Emigenzo,Mixed,"Kingship Customs ",Emigenzo Y'obukama,N,,,Emingenzo  etanga omukama okutainamira mufu nobwakuba okuziika,"Customs deter the king not to pay last respect nor  attend Burial  ",Emigenzo  eragira omukama okwinura ebibamuhaire,The King gives from what People have given him,[],"Kugaba,Kukonyera",,[],[],general,general,original_composition,,Project_License,2026-02-17 05:51:59.191+00,ruom6sfi4
tiughp2l3,NYIN'EKA TARABA HAKANYUMA,Mixed,"Head of the family  when going to venture  does not go through the backdoor. ",Nyin'Eka taraba hakanyuma baitu irembo obwaba nagenda kuserra itungo.,V,,,"Mwana wange oli mwojo, kinu okyege; otaliraba hakanyuma obworabaga nogenda orugendo. ","My son, note this; when you will be going out for an adventure never go through back door.",Itungo liretwa irembo nahabweki anyakuliserra  nasemerra kulitemera omuhanda obwaba  nagenda.,"Wealth comes through the main entrance, it is important for the one going out for it to open the way for it to come in.  ",[],EMIZIZO,,[],[],general,general,original_composition,,Project_License,2026-02-21 13:35:12.034+00,ruom6sfi4
tj3bpzzg1,Ekizima,Mixed,Darkness,,N,DLY,,,,,,[],,,[],[],general,general,original_composition,,Project_License,2026-02-23 13:37:53.238+00,1lzzop9e4
tmidtscb6,Emirindi,Mixed,stumping the ground strongly to make a loud sound.,kurubata n'amaani maigi n'abantu bakahurra omulindi.,V,ART,,Obwaaba nazina omulindi gwe oguhuura.,While dancing his stumping is ever loud.,Oli mwana wobwisiki leka kuteera emirindi.,As a girl you are not supposed to dancing while stumping.,[],"emirindi(stumping plural), omulindi(stamping singular)",,[],[],general,general,original_composition,,Project_License,2026-02-21 10:36:43.286+00,z7cmq5grs
tmyz6heod,Kusekura,Mixed,pound,,V,AGR,,Aboojo musekule obuhunga.,Boys pound cassava into flour.,Bamusekwire ya noga.,They have pounded it thoroughly.,[],"kuteera, kucencebura",,[],[],general,general,original_composition,,Project_License,2026-02-19 21:20:49.954+00,wmqgng8ap
tpcstemmb,Kwandara,Mixed,"Loitering around,walking aimlessly.",Kugendagenda hataroho kigedererwa.,V,DLY,,Tarukugoza abantu kwadara ha duukaye.,She does not like people to loitering around her shop.,Abaserukali bakaguza omusaija habwaki nayandarra haibwe kero /hakiteko.,"The police officers questioned the man why,was he loitering near the bank.",[],"Kwalingwa ,kutagatagiza,(dividing,idling)",,[],[],general,general,original_composition,,Project_License,2026-02-21 11:05:04.452+00,1lzzop9e4
tqbiqll70,"AHANGA,",Mixed,,,ADJ,SPR,,,,,,[],"RUHANGA,",,[],[],general,general,original_composition,,Project_License,2026-02-23 09:32:37.904+00,ruom6sfi4
tqp2aa6c8,Ebihimba,Mixed,Beans.,,V,AGR,AGR-CRP,Ebihimba biba mukubi mukuru,Beans are very impotant sauce in Bunyoro and  Tooro.,Mucumbe omukubi gw'ebihimba.,Prepare bean sauce.,[],B,,[],[],general,general,original_composition,,Project_License,2026-02-21 10:33:23.741+00,wmqgng8ap
tth3bkipm,Kuseruliza,Mixed,Research,,V,AGR,AGR-SEA,Kuseruliriza omu kulima nokuliisa nibyetagwa.,Research in modern farming is paramount.,,,[],,,[],[],general,general,original_composition,,Project_License,2026-02-21 19:27:11.039+00,wmqgng8ap
ttt5oubw1,kuhandiika,Mixed,writing,,V,EDU,,"Ahandiika kubi.
Omukonogwe mubi.",His/ her handwriting is bad.,Amanyire kusoma n'okuhandiika.,He/ She knows how to read and write.,[],"omukono(handwriting), kuchoda(art design), ebyapa(printing)",,[],[],general,general,original_composition,,Project_License,2026-02-18 13:25:24.542+00,wmqgng8ap
tvngqsgj6,Abatuule,Rutooro,,,N,,,,,,,[],,,[],[],general,general,original_composition,,Project_License,2026-02-18 14:00:32.505+00,ruom6sfi4
tzth9g3ft,OMUZAIRE TAGARUKWAMU,Mixed,A parent is never wrong do not oppose him,Omuzaire tasobya otalimugarukamu kubi.,V,,,Omwana omuhulizi tagarukamu abazaire.,An obedient Child never replays his parents.,Okugarukamu  abazaire kibi muno nabaawe nukwo balikukora.,Responding badly to your Parents is bad be care full your own will do the same to you.,[],EMIZIZO,,[],[],general,general,original_composition,,Project_License,2026-02-21 20:25:02.317+00,ruom6sfi4
u091pjv0d,Omunabi,Rutooro,Prophecy,,N,,,,,,,[],,,[],[],general,general,original_composition,,Project_License,2026-02-23 07:21:34.205+00,7ldvwi8jh
u0j4t1638,Okufa,Mixed,To die,Okufa kwabuli omu mpaka,V,NAR,NAR-FOL,Abihimba bifiire byona,"Planted beans dies completely ",Abantu bafire eka ehoireho,People dies and the family is no more,[],"Afiire,bafiire,efiire,zifiire",,[],[],general,general,original_composition,,Project_License,2026-02-16 13:40:18.257+00,7ldvwi8jh
u19uan4rk,Obutunguru,Mixed,Onions,,N,AGR,AGR-CRP,Obutunguru busemeza omukubi.,Onions the taste of food.,Obutunguru bakira kubulima omu itaka lya mabale.,Onions are generally grown stonny soils.,[],,,[],[],general,general,original_composition,,Project_License,2026-02-21 13:41:40.287+00,wmqgng8ap
u1reov1y1,Owomugaso,Mixed,Useful person,,N,DLY,,,,,,[],,,[],[],general,general,original_composition,,Project_License,2026-02-22 06:34:04.064+00,1lzzop9e4
u1z93sciq,Owobujunanizibwa,Mixed,The resposibility.,Arukukwatibwaho hansonga.,V,DLY,,Omuntu owobujunanizibwa ahikiriza omulimo gwe ogumu hairwe.,A resposible person always fulfill his respobility.,Obu nibwo bujunanizibwa bwawe.,That is your responsiblity.,[],Arukukwatibwaho hamulimo ogu.,,[],[],general,general,original_composition,,Project_License,2026-02-21 13:44:44.661+00,1lzzop9e4
u1zrk0glo,Emanyikirizo,Mixed,stamp,,N,EDU,,Omwegi omutereho emanyikirizo habbaruha.,Put the stamp on the student's certificate.,Emanyikirizo kotagiteiroho?,Why haven't you put there the stamp?,[],"isumi(knot), signature(ekinkomo), thumb print(ekiukomo)",,[],[],general,general,original_composition,,Project_License,2026-02-19 10:03:57.571+00,wmqgng8ap
u2qw8tx7d,Emeza,Mixed,table,,N,EDU,,Emeza bagitaho ebitabu.,They put books on top of the table.,Emeza ekozirwe omumbaho rundi ebyoma?,Is the table made of wood or metal?,[],,,[],[],general,general,original_composition,,Project_License,2026-02-19 10:20:10.441+00,wmqgng8ap
u3qll971m,Kaho,Mixed,Peas,,N,AGR,AGR-CRP,,,,,[],Roast,,[],[],general,general,original_composition,,Project_License,2026-02-21 12:15:57.496+00,wmqgng8ap
u3rsuak73,Kukandura,Mixed,clear/clean the field,,V,AGR,,Bakandwire ebinyansi babisigamu.,They have left some grass in the field.,Bakandwire kurungi.,They have cleared well.,[],clean,,[],[],general,general,original_composition,,Project_License,2026-02-19 17:24:20.557+00,wmqgng8ap
u4uobh4lg,Najunanizibwa,Mixed,responsibility,,N,DLY,,,,,,[],,,[],[],general,general,original_composition,,Project_License,2026-02-23 13:56:06.749+00,1lzzop9e4
u59maa12z,Oburo,Mixed,millet,,V,AGR,,Oburo kyokulya kikuru munoomu Tooro na Bunyoro.,Millet is a very important food crop in Tooro and Bunyoro.,"Oburo kyokulya kyemigaso nyingi. ",Millet has many uses.,[],,,[],[],general,general,original_composition,,Project_License,2026-02-19 19:19:44.839+00,wmqgng8ap
u5sey056g,kutagiza,Mixed,"wandering ",kutangata,V,NAR,NAR-ANI,engo obuyakagire akaboyo kenyama yatandika kutagatagize neserra nambere karukuleetwa.,"the leopard after  smelling meat, started wandering around looking where the incense coming from.","warugo obuyatagiize kyaira wakame yamukaguza ati, kiki warugo kotatekaana? nandiki warugo ati, ndeka wewe nanunkirwa akasoro katali kange. ","when the leopard wandering several times, the hare asked the leopard what happened your not settled? leopard says leave me, am sensing foreigner animal.  ",[],"tagiza ,tagangara, magaza",,[],[],general,general,original_composition,,Project_License,2026-02-17 21:45:25.577+00,7ldvwi8jh
u7y94y4rm,Kusuhuuka,Mixed,immigration,abantu kuruga owaabu bakatanga oburaaro munsi etali yowaabu habwobulemu.,V,ENV,,Obulemu bukakanya n'abasuhuuki baaba baingi mu Uganda.,The war has forced many people to immigrate to Uganda.,Haroho abantu abarukufuruka habwokuseerra emirimo.,Many people have immigrated in search for work.,[],"kufuruka(migrate), ensuhuuki(immigrants)",,[],[],general,general,original_composition,,Project_License,2026-02-23 08:05:55.376+00,z7cmq5grs
u8gsiyx7g,Iraka,Mixed,Voice,Kubaza,V,NAR,NAR-PER,"Abazini baine amaraka marungi ,ninyija kusaba kubeteranizaaho.","The choir has a very nice voices, i will request to join them.",Mpulire amaraka marungi muno.,I heard nice voices from radio program.,[],Amaraka,,[],[],general,general,original_composition,,Project_License,2026-02-19 17:23:07.483+00,7ldvwi8jh
u98928hai,OBUHULIZI,Mixed,,,V,SPR,,,,,,[],"Okucweka, Okuhurra,",,[],[],general,general,original_composition,,Project_License,2026-02-24 07:45:42.353+00,ruom6sfi4
uapods6lq,Ekyamahano,Rutooro,Miracle/Wonder,,N,,,,,,,[],,,[],[],general,general,original_composition,,Project_License,2026-02-23 08:45:27.918+00,7ldvwi8jh
ubr0hx1wj,Amagaatwa,Rutooro,Cabinet Ministers for the Kingdom,Bakuru b'ebitongole omu Gavumentii y'obukama,N,,,Amagaatwa hamu n'omuhikirwa bali omuruculeero,The Ministers and Priminister are in retreat,Amagaatwa ganu harumu abakazi nabasaija,"women are part of the cabinet ",[],"Bakuru bebitongole,  Abanyoro Abakuru",,[],[],general,general,original_composition,,Project_License,2026-02-17 03:43:16.747+00,ruom6sfi4
ucifbxl18,NKYA,Mixed,God the source of blessing.,Nkya nungi .,N,SPR,,"Nkya -Nungi, abukisize, mwimuke tugende kulima.","The God of blessings has made  anew day , please let us go to dig.","Ogu omwana nka muhabwa Nkya, nahabweki Ibaralye nuwe Byenkya,","That Child is given by Nkya the God of blessings, therefore his name is Byenkya.",[],"Ruhanga, Kagaba, Kazooba.",1,[],[],general,general,original_composition,,Project_License,2026-02-22 14:29:04.861+00,ruom6sfi4
ucrrcezkl,Abatwanga,Rutooro,,,N,,,,,,,[],,,[],[],general,general,original_composition,,Project_License,2026-02-18 14:00:32.505+00,ruom6sfi4
udifkos5y,obukugu,Mixed,Modern farming,,N,AGR,,Kulima okwobukugu nikwetaagwa.,Modern farming is important.,Abantu baingi bahindwireho emirimire yabo.,Most people have improved farming methods.,[],,,[],[],general,general,original_composition,,Project_License,2026-02-22 15:57:13.109+00,wmqgng8ap
ueie0j5in,Ekihuro,Mixed,"A meal (i.e breakfast, dish)",ekihuro ky'obyokulya,N,DLY,,Abaana banulirwe ekihuro.,The children enjoyed their evening meal.,Tulirega ekihuro kyaitu hansi y'omuti gw'omuyembe.,We ate our meal under a mango tree.,[],orucumba(special meal),,[],[],general,general,original_composition,,Project_License,2026-02-22 07:49:25.493+00,1lzzop9e4
uewfs0szb,Kutahingurwa,Mixed,,,V,,,,,,,[],,,[],[],general,general,original_composition,,Project_License,2026-02-19 13:38:17.186+00,7ldvwi8jh
uf7sts474,Cunculya,Mixed,,,N,,,,,,,[],,,[],[],general,general,original_composition,,Project_License,2026-02-21 13:46:54.692+00,7ldvwi8jh
uh0obo7w7,Abahinda,Rutooro,,,N,,,,,,,[],"Abadebu, Abasasa, Abahongo, Aborugisa",,[],[],general,general,original_composition,,Project_License,2026-02-18 13:55:17.176+00,ruom6sfi4
ui3r80pn9,Kuhasuka,Mixed,Waking up of the king and leaving the bed room,Omukama okwimuka akaruga omukihango,N,,,Omukama ahasukire kara muno yagenda kurambura obukama,The king woke up early and went tour the Kingdom,Omukama akaireho muno okuhasuka,The king has delayed so much to wake up.,[],"Okwimuka omu kitabu, Kuruga mukitabu ",,[],[],general,general,original_composition,,Project_License,2026-02-18 01:23:27.993+00,ruom6sfi4
uiimrimwm,Abasingo,Rutooro,,,N,,,,,,,[],,,[],[],general,general,original_composition,,Project_License,2026-02-18 14:00:32.505+00,ruom6sfi4
uiy6a0nwv,Nalima,Mixed,digging,,V,AGR,,Omukazi nalima.,The woman is digging.,Omusaija nawe nalima.,The man is also digging.,[],naliisa,,[],[],general,general,original_composition,,Project_License,2026-02-19 16:13:30.566+00,wmqgng8ap
uj4qkd7hd,Ekigogo,Rutooro,Banana fibre,Emigogo,N,NAR,NAR-CHI,Ebigogo bikozesibwa  kusiba  nokura ebintu bingi.,The Banana fibre used to tie and make many thing from it.,Abaana bazaana emipiira yebigogo nokuguruka emiguha.,Children used to play banana fibres foot ball and plays with fibre ropes.,[],Emikonde,,[],[],general,general,original_composition,,Project_License,2026-02-19 17:09:30.236+00,7ldvwi8jh
ukagp0l64,"MWINGANIZA,",Mixed,,,ADJ,SPR,,,,,,[],,,[],[],general,general,original_composition,,Project_License,2026-02-23 08:46:55.537+00,ruom6sfi4
ultuwvcef,Kweliira,Mixed,Clear diction while singing.,Kuzina nohulirwa mubigambo,V,ART,,Azinire Iraka kurungi kyonka tarukwatura,He sang the song with clear diction.,Amakuru gekizina gabuzire habwokuba tarukwatura bigambo,"The meaning of the song wasn't grasped because of poor diction.  ",[],,,[],[],general,general,original_composition,,Project_License,2026-02-22 16:56:46.605+00,z7cmq5grs
ulu0qycvk,Ekitabu,Mixed,Book,Kusoma,N,NAR,NAR-CHI,Abaana kusoma ebitabu kibaletera kwega.,Reading books makes children learn.,Kusoma kitukonyera kwetegereza,When reading helps to learn.,[],,,[],[],general,general,original_composition,,Project_License,2026-02-23 08:53:42.941+00,7ldvwi8jh
unta4bpcw,Owabu,Mixed,At their place,,N,DLY,,,,,,[],,,[],[],general,general,original_composition,,Project_License,2026-02-22 06:51:23.718+00,1lzzop9e4
uof266v7t,kulengera,Rutooro,,kurora,N,,,,,,,[],,,[],[],general,general,original_composition,,Project_License,2026-02-17 20:49:21.156+00,7ldvwi8jh
upt5822ag,Abazaire,Mixed,parents,,N,EDU,,Abazaire bahererra abaana.,Parents help their children.,Abazaire abarungi babungira abaana abeegi.,Responsible parents visit their children while at school.,[],"guardians, benefactors",,[],[],general,general,original_composition,,Project_License,2026-02-19 13:09:24.396+00,wmqgng8ap
uqoiuuqxi,Enswa,Mixed,,,N,CUL,CUL-FOO,,,,,[],,,[],[],general,general,original_composition,,Project_License,2026-02-21 16:03:35.976+00,7ldvwi8jh
uqs29b3f3,Endwaire,Mixed,,,N,,,Ebisoro byomumaka bigira endwaire nyingi,Domestic animals have many diseases.,Abafumu bebisoro nubo babijanjaba .,Domestic animals are treated by animal doctors.,[],enfu,,[],[],general,general,original_composition,,Project_License,2026-02-21 16:23:50.471+00,wmqgng8ap
usgt8c85w,Habwaki?,Mixed,How come?,nikiijakita?,N,NAR,NAR-PER,,,,,[],,,[],[],general,general,original_composition,,Project_License,2026-02-24 09:17:10.938+00,7ldvwi8jh
ushdbr2wj,Obusobozi,Mixed,Authority.,,N,GOV,,Omukama yagiraga obusobozi.,The king authority.,Omukama yaragiraga abantube bahurra.,The king would give orders and his subjects would obey.,[],Power.,,[],[],general,general,original_composition,,Project_License,2026-02-22 06:58:28.726+00,wmqgng8ap
usz942hc1,Oruganikyo,Mixed,A story,Ganikya,N,NAR,NAR-FOL,,let me give you a story about my family background.,,Our family every Friday all members as a must storytelling has to be there.,[],Tuganikize.,,[],[],general,general,original_composition,,Project_License,2026-02-23 08:39:48.11+00,7ldvwi8jh
uvd57bqa9,kusumikaniza,Mixed,fastening,,N,DLY,,,,,,[],,,[],[],general,general,original_composition,,Project_License,2026-02-23 11:55:15.406+00,1lzzop9e4
uwusa6gi5,Kusomesa,Mixed,Educate,To educate,V,EDU,,Kusomesa abaana kirungi,To educate children is a good thing.,Abazaire musomese abaana.,Parents should educate their children.,[],Abaana bakasoma( children are learned /educated),,[],[],general,general,original_composition,,Project_License,2026-02-18 09:55:17.857+00,wmqgng8ap
uxbocspif,kuhulika,Mixed,bursting,kubaruka,V,NAR,NAR-FOL,kuhulika kwekintu nka ibaali lyahulika.,something bursting like a stone bursting.,baluuni yahulika.,balloon burst.,[],"hulika,kyahulika,yahulika,lyahulika",,[],[],general,general,original_composition,,Project_License,2026-02-16 09:43:27.667+00,7ldvwi8jh
uyizy2hej,Obukama,Mixed,Kingdom,Ensi erukulemwa omukama,N,,,Obukama bwa Tooro,Tooro Kingdom,Obukama bwa Bunyoro,Bunyoro Kingdom,[],"Ihanga, Ensi y,omukama",,[],[],general,general,original_composition,,Project_License,2026-02-17 04:03:25.296+00,ruom6sfi4
uzxdcnzvs,Obugorra,Mixed,,,N,,,,,,,[],,,[],[],general,general,original_composition,,Project_License,2026-02-21 14:12:30.926+00,7ldvwi8jh
v000rbcrw,Okoraki,Mixed,What do you do,Okora ota,N,NAR,NAR-FOL,Okaraki omubwire obu mukisaka?,What do you do at that time in the bush?,Nikikoraki kunu?kamba kisoro kyomukisaka?,What do i do? am a wild animal.,[],"nkoleki, nibikoraki,nikikoraki,nibakoraki",1,[],[],general,general,original_composition,,Project_License,2026-02-16 11:42:30.268+00,7ldvwi8jh
v09yhsvp7,Manzi,Rutooro,,,N,,,,,,,[],,,[],[],general,general,original_composition,,Project_License,2026-02-23 06:42:23.491+00,7ldvwi8jh
v3n1kysjw,Kali magezi,Mixed,Professor,,N,EDU,,Bakali magezi maingi.,There are so many experts.,,,[],"omusomesa(expert), omwegesa(teacher)",,[],[],general,general,original_composition,,Project_License,2026-02-18 14:00:37.779+00,wmqgng8ap
v6555pf4q,OMUGOLE,Mixed,The Bride or the Groom.,Omugole nuwe Kigabura na KIswerwa.,N,,,Omugole omukazi akereriirwe muno,The Bride delayed so much.,OMUGOLE omusaija abaire atoire.,The Bride was smart.,[],"KISWERWA, KISWERA",,[],[],ceremonial,youth,original_composition,,Project_License,2026-02-20 07:10:17.474+00,ruom6sfi4
v688032ws,Kubara,Mixed,Arithmetic/mathematics,,N,EDU,,Kubara abeegi baingi kubalema.,Mathematics is hard for most students.,Ngonza kubara.,I enjoy mathematic.,[],"numbers, numerals",,[],[],general,general,original_composition,,Project_License,2026-02-18 13:19:38.479+00,wmqgng8ap
vaf1llhl9,Kutabangura  amaizi,Mixed,Water pollution,kusisikwa kwamaizi nigasiiwa emiika orwooya mu bintu kuruga mubintu ebitali bimu.,V,ENV,,Orwooya orubi orugenda mumaizi narwo rwakaki muno.,Pollution in water is also very dangerous.,Amaizi amabi gaita encu n'ebihangwa ebindi ebyo mumaizi.,Polluted water kills fish and other animals living in the water.,[],kusiisa(spoil),,[],[],general,general,original_composition,,Project_License,2026-02-22 21:03:16.466+00,z7cmq5grs
vav6peuqi,Omutunga,Mixed,Running debris,amaizi amaigi agarukugera,N,ENV,,Omugezi gukaija mwingi gwasiisa eby'okulya byabalimi.,Farmers lost crops due to running debris from the hillside.,Omugezi omwingi gukaleeta itaka lyakinga ekisaru.,Heavy rains caused running debris to block the river.,[],omugezi(floods),,[],[],general,general,original_composition,,Project_License,2026-02-23 07:14:48.817+00,z7cmq5grs
vch67rwie,Abanywi,Mixed,Drinkers,Kunywa,N,NAR,NAR-FOL,"Abakuru hakyaro baikarra hansi yomuti, obubakaba nibahanuraho esonga z'oruganda kunu baliyo nibanywa amaarwa genzaarwa.","The village elders sat under the tree, as they were discuss clan issues busy Drinking native brew.   ",Abanywi kyawehige bakozire ekyamahano ijo.,Drinkers of kyawehige did wonders yesterday.,[],Nywa,,[],[],general,general,original_composition,,Project_License,2026-02-23 09:13:52.594+00,7ldvwi8jh
ve3mrl21d,Kweteega,Mixed,Tying of dancing costumes,kujwaara/ kuboha ekitara nukwo okizinise kurungi kitaragara.,V,ART,,Omuzini ogu ayeteere kurungi.,He has not tied the dancing costume well.,Ekitambi kyeteege kurungi nukwo oyorobe mumbaju.,Tie your costume properly in order be flexible.,[],,,[],[],general,general,original_composition,,Project_License,2026-02-21 07:12:44.227+00,z7cmq5grs
vg1yjejdk,OMUGAJU,Rutooro,"TRADITIONAL PERFUME ",Ebiboya omukazi omuserwa ebyagabuka nabyo nukwo ayecumirege ekka ye.,N,,,KWOTERA Kulinda enju  neboya kurungi.,"This perfume keeps the house with a good scent. ",OMUGAJU Obugwoterwa guletera omusaija n'omukazi omuhimbo omukitabu.,"This perfume when used, stimulates the Libido for the have love at its best.",[],"Eseeta,Embaya,Emisole,Enyakatuzi, Ebinananga, Akagugu,Enyakaranda,Obusindage,Mukuzanyana,Orusasa,",,[],[],general,adults,original_composition,,Project_License,2026-02-20 08:36:08.135+00,ruom6sfi4
vg2holex0,Abairuntu,Rutooro,,,N,,,,,,,[],,,[],[],general,general,original_composition,,Project_License,2026-02-18 14:00:32.505+00,ruom6sfi4
vj07awv8e,Kuhotora,Mixed,mingle,,V,AGR,,Nahotora oburo.,She is mingling millet.,Oburo bunuzire.,The meal of millet was  delicious.,[],baking,,[],[],general,general,original_composition,,Project_License,2026-02-19 19:46:19.617+00,wmqgng8ap
vmdk0a33d,EBIRUMIZO,Mixed,Sacramental  Meal,"Ekihuuro kyo Buro N'esabwe, ekiriibwa omugole nabo buzaale bonka. ",N,,,EBIRUMIZO kiri  mumigenzo ya Bunyoro na Tooro enya kuleeta omugisa.,It is a traditional meal attracting blessings,EBIRUMIZO Bicumbwa Nyina muntu rundi Nyin'ento,"This traditional  meal is cooked by a mother or her clan mate. ",[],"Oburo,Esabwe, Ekihuro",,[],[],general,elders,original_composition,,Project_License,2026-02-20 07:49:32.205+00,ruom6sfi4
vmdq65xxv,Kwehanuuza,Mixed,To consult,,V,EDU,,Takora bintu wenka ayehanuuza.,He/ She consults others.,Kambanze nyehanuze.,Let me consult others first.,[],"compare(kulengesaniza), co-ordinate(kuterekaniza).",,[],[],general,general,original_composition,,Project_License,2026-02-18 12:24:31.363+00,wmqgng8ap
vmi7ua51o,Abagweeri,Rutooro,,,N,,,,,,,[],"Abajumbi, Abamiraihwa, Abagomoka, Abajanju, Abairagura, Abahoti, Abadengo Abaigara",,[],[],general,general,original_composition,,Project_License,2026-02-18 13:55:17.176+00,ruom6sfi4
vmpaoxqfd,Ebigwererezi,Mixed,Natural disasters,ebyobuhangwa ebirukubaho bitetegekerwe kandi bikasisa ebintu.,N,ENV,,Omusisa obgwatiire gukasiisa bingi.,That earthquake caused a lot of destruction.,Enjura y'enjato ekaihaiho amabaate g'enju yaitu.,Katabatic winds carried off iron sheets of our house and uprooted trees.,[],,,[],[],general,general,original_composition,,Project_License,2026-02-23 09:46:01.026+00,z7cmq5grs
vmxzb7mw0,Kuchekecha,Mixed,dance,,V,EDU,,Kajumba amanyire kuchekecha.,Kajumba knows how to dance.,Abanyoro n'abatooro bazina nibachekecha.,The Banyoro and Batooro know how to dance.,[],"kuchwekachweka, kwechwachwana",,[],[],general,general,original_composition,,Project_License,2026-02-19 14:51:12.507+00,wmqgng8ap
vnajffczx,Abwoli,Mixed,"Abwoli is a Pet name ",Abwoli Mpaako,N,,,ABWOLI  Mpaako   yaali  ya Nyinenkuru nyowe kizaara Taata,"Abwoli was a pet name of my Paternal grandmother ",Abwoli eba mpako enyakwoleka /kya obuculeezi noburungi,Abwoli is associated with humbleness and  good behavior,[],Ateenyi,,[],[],general,general,original_composition,,Project_License,2026-02-18 14:35:09.025+00,ruom6sfi4
vnximn3qx,Abanyonza,Rutooro,,,N,,,,,,,[],,,[],[],general,general,original_composition,,Project_License,2026-02-18 14:00:32.505+00,ruom6sfi4
vpxeppjk1,Kuzina,Mixed,music,,V,EDU,,Kabahweza amanyire kuzina.,Kabahweza knows music.,Abaana bagonza kuzina.,Children like music.,[],"kuherengya, kutogorra",,[],[],general,general,original_composition,,Project_License,2026-02-19 14:16:27.657+00,wmqgng8ap
vvstalgij,Obutunda,Mixed,,,N,CUL,CUL-FOO,,,,,[],,,[],[],general,general,original_composition,,Project_License,2026-02-21 19:40:41.022+00,7ldvwi8jh
vwx5ejl0m,Abasambu,Rutooro,,,N,,,,,,,[],"Abajwarazomere, Abamiraihwa, Abanyamulimi, Abagumamaino, Abatakuzanfuzi",,[],[],general,general,original_composition,,Project_License,2026-02-18 13:55:17.176+00,ruom6sfi4
w3jak8vi7,OKUSWERA,Mixed,"Marriage ",Obuswezi,N,,,Rose akaswerwa Rwahoima,Rose was married by Rwahoima,BYAKUTAAGA AKASWERA BUNURA,BYAKUTAAGA MARRIED BUNURA,[],"Family, husband ",,[],[],general,adults,original_composition,,Project_License,2026-02-19 09:23:41.307+00,ruom6sfi4
w5fcl4u8m,Ebinyonyi,Mixed,Birds,Ebinyonyo bihangwa by'amapapakandi bihararuka mumwaanya.,N,ENV,,Ekihuguhugu kiharruuka kanutikiri kinyonyi.,The bat flies but it's not a bird.,Ebinyonyi obundi bisasaniza embibo mu bikaro bitalibimu.,Birds play a role in seed dispersal.,[],,,[],[],general,general,original_composition,,Project_License,2026-02-22 15:08:42.047+00,z7cmq5grs
w65g4bksp,Kusimba,Mixed,"Planting(act of putting seeds, seedlings in soil)",ekikorwa kyokubyara embibo.,V,DLY,,Tubaire nitusiga embibo.,We have been planting seeds.,Asimbire emiti nyingi.,He has planted many trees.,[],"kubyara, kusimba(putting young plants into the soil so that they can grow)",,[],[],general,general,original_composition,,Project_License,2026-02-21 19:45:39.139+00,1lzzop9e4
w8d1hsar2,emyetwalize,Mixed,Behaviour,,N,GOV,,emyetwalize ya Abanyoro yali nungi Omubukama.,The behaviour of chiefs was good in the kingdom.,Abantu nibasemerra kwetwazaaga kurungi.,People ought to behave well.,[],conduct,,[],[],general,general,original_composition,,Project_License,2026-02-22 07:51:56.522+00,wmqgng8ap
w8mupwcm1,Omulinzi,Mixed,watchman,,N,EDU,,Omulizi atendekerwe kurungi.,The watchman is well trained.,Omulinzi amanyire omulimo gwe.,The watchman knows his work.,[],,,[],[],general,general,original_composition,,Project_License,2026-02-19 13:52:07.202+00,wmqgng8ap
wag5mnlpr,Kuhumura,Mixed,"Resting ",Kujwahurruka,V,NAR,NAR-FOL,"Hanyuma yorugendo, ahumwireho habwesaaha ibiri.","After a long journey, he was resting for two hours.",Omuzaani ahumwizeho amaisoge hanyuma yokumara ekiro kyoona nakwata sinema.,The actor was resting his eyes after a long day of filming.,[],"Ruhuka, humura",,[],[],ceremonial,general,original_composition,,Project_License,2026-02-19 18:36:41.108+00,7ldvwi8jh
we49qwcun,Kwebuga,Mixed,To boast,Kuninira,N,NAR,NAR-FOL,Kwebuga kuletera abantu omuhimbo bahurra bali muka.,"Boasting gives people joy ,and they feel at home. ",Engabu neyebugwa abasaija bonka.,Riddle is typically a traditional  done for men only.,[],,,[],[],general,general,original_composition,,Project_License,2026-02-17 20:36:44.888+00,7ldvwi8jh
we6n850my,KWEKAMBA,Mixed,To Put in much effort,Kutamu amaani,V,SPR,,,,,,[]," Amaani, ",,[],[],general,general,original_composition,,Project_License,2026-02-23 17:40:00.332+00,ruom6sfi4
we9w55pzj,MUTI,Mixed,,,N,SPR,,,,,,[],"RUHANGA,",,[],[],general,general,original_composition,,Project_License,2026-02-23 09:46:47.584+00,ruom6sfi4
wey5jgalu,Oburwaire,Mixed,Coffee berry disease,,N,AGR,,Haroho oburwaire obukwata enjuma zomwani.,Some diseases affect coffee berries.,Oburwaire obubukwata omwani gwoma.,Coffee berry disease affect coffee plant.,[],,,[],[],general,general,original_composition,,Project_License,2026-02-22 14:14:00.966+00,wmqgng8ap
wf7erwaq0,Kutagata,Mixed,warm,Okutagata,N,DLY,,Nibatagasa Ebyo`kulya,they warm the food,Enju netagata,The house is warm,[],,,[],[],general,general,original_composition,,Project_License,2026-02-16 15:31:29.918+00,xv6uqkb9l
wfdkbv1va,Kulima,Mixed,gardening,,V,EDU,,Kulima kwomugaso omubantu.,Gardening is useful to people.,Kulima kurungikusemerire kwegesibwa.,Good practices of gardening should be taught.,[],,,[],[],general,general,original_composition,,Project_License,2026-02-19 14:32:15.767+00,wmqgng8ap
wgcq7uex8,"AMATAAGI,",Mixed,,,N,,,,,,,[],"OMUNTU,",,[],[],general,general,original_composition,,Project_License,2026-02-23 09:52:06.918+00,ruom6sfi4
whlqjeg36,Embaaho,Mixed,desks,,N,EDU,,Abeegi omu kitebi bahandikara hamabaaho.,Pupils in class write while seated on desks.,Embaaho zikorwa kukira kuruga omu muti yembaaho.,Desks are made from timber mostly.,[],,,[],[],general,general,original_composition,,Project_License,2026-02-19 11:41:57.115+00,wmqgng8ap
whw4h7ujd,Kulinguliriza,Mixed,peeping,kubegereza,V,NAR,NAR-HIS,Omuntu obwaaba nagonza kuseruliriza ekintu alengaho kulinguliriza nukwo atuunge amazima nukwo ateeke munkora ekyarukwetaaga.,"When a person wants to search for something, always try to peeping so that he can get the truth then puts in action what he want.",Omusaija obwaba nagonza kutunga omukazi ataire mubulyo ise akora kuseruliriza/kulinguliriza/kukaguliriza kuhikya amutungire.,"A man when he wanted to get a responsible woman to marry, the father start doing research/ peeping and asking here and there until he gets the right person.",[],"Seruliza,lingunza, kaguza",,[],[],general,general,original_composition,,Project_License,2026-02-17 21:42:02.313+00,7ldvwi8jh
wi88f7gko,MUKUMAKUMI,Mixed,,,ADJ,,,,,,,[],"RUHANGA,",,[],[],general,general,original_composition,,Project_License,2026-02-23 09:26:50.275+00,ruom6sfi4
wknrscm20,Kudubura,Mixed,"make holes ",,N,DLY,,,,,,[],,,[],[],general,general,original_composition,,Project_License,2026-02-23 11:24:37.455+00,1lzzop9e4
wkoll3zuo,KUSINGORRA EKIRO,Mixed,Sweeping at night is a Taboo,Okusingorra ekiro kizira,V,,,Okusingorra ekiro kukatangwa habwokuba nukubuza itungo.,Sweeping at night is prohibited because it takes away riches.,Okisingorra ekiro omunju nikimukya ecuucu nerwaaza abantu.,"Sweeping a house at Night  raises dust which will contaminate the air in the house which will cause diseases to the People. ",[],"ENJU, EZIGATI, EMIZIZO,",,[],[],general,general,original_composition,,Project_License,2026-02-22 03:06:57.854+00,ruom6sfi4
wm4h2ygct,Abasonde,Rutooro,,,N,,,,,,,[],,,[],[],general,general,original_composition,,Project_License,2026-02-18 14:00:32.505+00,ruom6sfi4
wnohrfyof,Ebinyobwa,Mixed,,,N,,,,,,,[],,,[],[],general,general,original_composition,,Project_License,2026-02-21 13:36:30.855+00,7ldvwi8jh
wo7u4zdw8,Kwombera,Mixed,weeding,,V,AGR,,Tugende twombera ebitooke.,Let us go to weed the banana plantation.,Kanu kasumi kokwombera.,This is a weeding period.,[],weeding season,,[],[],general,general,original_composition,,Project_License,2026-02-19 18:36:14.514+00,wmqgng8ap
wsrdy0ucq,Ekitonyezi,Mixed,mark/spot,,N,DLY,,,,,,[],,,[],[],general,general,original_composition,,Project_License,2026-02-23 13:31:21.358+00,1lzzop9e4
wtn4r009g,Omuhandiiki,Mixed,secretary,,N,EDU,,Omuhandiiki atendekerwe kand mukozi.,The secretary is trained and hardworking.,Nitugonza omuhandiiki omwekambi kand w'engeso.,We need a hard working and disciplined secretary.,[],"dedicated, devoted, ",,[],[],general,general,original_composition,,Project_License,2026-02-19 13:33:37.781+00,wmqgng8ap
wueeambvp,Omutendeki,Mixed,Teacher,,N,EDU,,Omutendeki omurungi agonzibwa.,A good teacher is liked/loved.,Omutendeki omurungi akora ekyamanyire.,A good teacher does the correct thing.,[],"director, guider",,[],[],general,general,original_composition,,Project_License,2026-02-19 09:22:12.78+00,wmqgng8ap
wusrt2m1b,mbabi,Mixed,banana leave,,N,AGR,,Embabi ifundikira ebyokulya.,Banana leaves cover food when cooking.,Embabi zigira emigaso endi nyingi.,Banana leaves have other uses.,[],,,[],[],general,general,original_composition,,Project_License,2026-02-20 08:31:31.942+00,wmqgng8ap
wuxlj1a88,Dodo,Mixed,,,N,,,,,,,[],,,[],[],general,general,original_composition,,Project_License,2026-02-21 13:58:45.137+00,7ldvwi8jh
wvymu5cje,Abasatu,Mixed,Three people,Kubara,N,NAR,NAR-FOL,"Abanywani basatu Alice,Jane and Rose bakataaha mukanisa buli omu yabahindukira habwokuba barungi.","Three friends Alice, Jane and Rose entered into a church and every one turned to them because of their beauty.  ","Jane yakaguza kiki ekitubaireho baisiki? amaiso goona gali halitwe,",Jane asked what happened to us girls? all eyes are on us.,[],,,[],[],general,general,original_composition,,Project_License,2026-02-23 09:10:32.084+00,7ldvwi8jh
wyyh74wx8,Omuhikirwa,Mixed,"Priminister ",Mukuru wa gavumenti y'omukama,N,,,Tooro twina Omuhikirwa mwekambi,Tooro we have have a hard working Priminister,Omuhikirwa wa Bunyoro akozire emyaka nyingi,The Priminister of Bunyoro has taken long in office,[],"Katikiro, Mukuru wa Magaatwa",1,[],[],general,general,original_composition,,Project_License,2026-02-17 03:25:44.809+00,ruom6sfi4
wzme5kiw9,Obwarangasa,Mixed,space,,N,DLY,,,,,,[],,,[],[],general,general,original_composition,,Project_License,2026-02-23 11:39:24.998+00,1lzzop9e4
x0hdevjc6,kutonya,Mixed,drooling,kwiturruka,V,NAR,NAR-FOL,engo yatonya ebirusu erozire enyama,the leopard was drooling over the meat,embwa yatonya ebirusu erolerriire ebyokulya,the dog was drooling over seeing the food,[],"kutonyatonya, byatonya",,[],[],general,general,original_composition,,Project_License,2026-02-16 08:45:24.208+00,7ldvwi8jh
x0w41udqr,Ebiroto,Rutooro,Dreams,,N,,,,,,,[],,,[],[],general,general,original_composition,,Project_License,2026-02-23 07:16:28.778+00,7ldvwi8jh
x290yvfkd,Amadinda,Mixed,xylophone,Amadinda biti bitekaniziibwe okubabiteera birugwaamu amaraka gekizina,N,ART,,Amadinda nigagamba kurungi,"That Xylophone is well turned ",Amadinda gagamba kurungi obwogateeza emikono ebiri,The turn on the xylophone sounds sweet when you play it with two hands,[],Kadinda (amadinda againe ebitu nka zo) Aset of Xylophone with over 15 bars,,[],[],general,general,original_composition,,Project_License,2026-02-21 10:13:06.887+00,z7cmq5grs
x2cuta6pa,"MULINZI,",Mixed,,,ADJ,SPR,,,,,,[],"RUHANGA,",,[],[],general,general,original_composition,,Project_License,2026-02-23 09:30:05.544+00,ruom6sfi4
x2hsfecnr,Agutamba,Mixed,king a source of satisfaction,omukama amara obujune bwa bantu,ADJ,CUL,CUL-ROY,Omukama akampa Ente,The King gave me a cow,,,[],", Kumara obujune, kwigusa  omujara, Kutamba obunaku",,[],[],ceremonial,adults,original_composition,"ceremonial                    Adults    original ",Project_License,2026-02-16 16:35:54.653+00,ruom6sfi4
x3s3nkc43,Obutiini,Mixed,Fearing,enkizi,V,NAR,,Natiina kugambira ise ngu atwaire enda.,"she's fearing to tell the dad that she is pregnant. ",Omusaija andi haihi baitu natiina kungambira ngu nangonza.,The man is near me but fearing to say i love you.,[],"tiina ,kwekanga",,[],"[""A-PROG""]",general,general,original_composition,,Project_License,2026-02-17 21:03:18.514+00,7ldvwi8jh
x4cuxruhi,Kutuma,Mixed,To send,kutweka,N,NAR,NAR-FOL,naija kusindika omuntu kubitabarra.,he will send someone to pick it.,Nosobora kunsindikiraho ekitabu kyaawe.,can you send me your book.,[],"tweka,tuma",17,[],[],general,general,original_composition,,Project_License,2026-02-17 21:08:53.774+00,7ldvwi8jh
x5oth3jv2,Sayansi,Mixed,Science,,N,AGR,AGR-LVS,Amagezi ga ebya sayansi nigasemerra kukozesibwa.,Scientific knowledge should always be used.,Ebya sayansi bikale nibikozesibwa omu kulima nokuliisa.,Farming should be used in modern farming.,[],,,[],[],general,general,original_composition,,Project_License,2026-02-21 19:09:43.441+00,wmqgng8ap
x7np1a99t,AMARAKA,Mixed,,,N,SPR,,,,,,[],"Iraka, Kubaza, Kuzina, kutera, empaka, kungana,",,[],[],general,general,original_composition,,Project_License,2026-02-24 05:05:00.782+00,ruom6sfi4
x8vyclw9f,Ekicumbiro,Mixed,Kitchen,Kisika ho kucumbira ebyokulya,N,DLY,,Nyinabo nacumbira mu kicumbiro,The mother is cooking from the kitchen,Omukazi nacumba amaizi mu kicumbiro,The woman is boiling water in the kitchen,[],Icumbiro ly`ebwokulya(cooking place),,[],[],general,general,original_composition,,Project_License,2026-02-16 14:30:55.854+00,xv6uqkb9l
x9xppm4it,Kulima mubisaaru,Mixed,"river degradation ",kusiisa ebisaaru habwokulimamu.,V,ENV,,Ebisaaru biingi bisisikaire habw'okulimamu.,Many rivers have been degraded due to farming.,Emihanda y'amaizi igaliire habwebisasiro.,Water channels have been blocked by waste and sewage.,[],,,[],[],general,general,original_composition,,Project_License,2026-02-23 05:51:24.013+00,z7cmq5grs
xb4xqb3ut,Endimo,Mixed,Lemon,Sour fruit,N,CUL,CUL-FOO,Endimo esarramu nikyo mu nsande batekamu kake kuboyesa.,Lemon is sour  that is why they mix little in juice for flavour.,Nosobora kutabura nomucayi nonywa.,you can even mix it in tea.,[],,,[],[],general,general,original_composition,,Project_License,2026-02-21 19:44:58.101+00,7ldvwi8jh
xbz94xnge,Omugo,Rutooro,"King's wife, Queen",Omukazi womukama,N,,,"Omugo azaire ",The king's wife has given birth,"omugo  nanyeta
",the king's wife is calling me,[],"Mukazi,  muswerwa, ",1,[],[],general,general,original_composition,,Project_License,2026-02-16 08:17:19.841+00,ruom6sfi4
xce9kwb7c,Abasambu,Rutooro,,,N,,,,,,,[],,,[],[],general,general,original_composition,,Project_License,2026-02-18 14:00:32.505+00,ruom6sfi4
xe1oiisdt,kuburabura,Mixed,to get lost,,N,DLY,,,,,,[],,,[],[],general,general,original_composition,,Project_License,2026-02-23 11:45:48.95+00,1lzzop9e4
xecl8aolo,Obujuna nibazibwa,Mixed,Responsibility,,N,GOV,,Omulemi wena nasemerra kuba wobujananizibwa .,Any ruler should be responsible.,Amin omu Uganda ataleme nobujunanizibwa omubiro byokumalirra.,"In his last days, Amin did not rule Uganda responsibly.",[],,,[],[],general,general,original_composition,,Project_License,2026-02-22 08:15:53.554+00,wmqgng8ap
xfo7jdf8c,Akakohi,Mixed,A small piece of cloth that is wrapped in the waist especially in traditional dress.,Kwezinga akakohi munda.,N,DLY,,Leka njware akakohi akarukwera.,Let me wrap myself a white sarongo.,Abakazi bazokere kurungi habwokuba babandizeyo obukohi.,"The women looked smart, they had to wear a lion cloth.",[],waist wrapper,,[],[],general,general,original_composition,,Project_License,2026-02-22 09:58:48.167+00,1lzzop9e4
xg1rxq7rv,Obulimiro,Mixed,soil that clings to legs while digging,,N,DLY,,,,,,[],,,[],[],general,general,original_composition,,Project_License,2026-02-23 11:34:06.627+00,1lzzop9e4
xgboxwa9j,Engoma,Mixed,drums,,N,EDU,,Engoma iterwa kumanyisa abantu.,Drums are sounded to inform people.,Abanyoro na Abatooro bahina engoma zemiringo nyingi.,The banyoro and Batooro have many types of drums.,[],,,[],[],general,general,original_composition,,Project_License,2026-02-19 14:56:31.057+00,wmqgng8ap
xhzrwx293,Ababiito,Mixed,Royal Clan,Oruganda rwa Babiito,N,,,Oruganda rwa Babiito nurwo rulema Bunyoro na Tooro,The Babiito Clan is the Ruling Clan in Bunyoro and Tooro,"Ababiito Ruganda rukooto ",Babiito Clan is big,[],"Abasiita, Abaitira, Abagumba, Abaisanza",2,[],[],general,general,original_composition,,Project_License,2026-02-17 02:02:16.638+00,ruom6sfi4
xj4vob27m,Kaho,Mixed,,,N,,,,,,,[],,,[],[],general,general,original_composition,,Project_License,2026-02-21 14:21:47.99+00,7ldvwi8jh
xlbr3r47b,Kwandara,Mixed,"Loitering around,walking aimlessly.",Kugendagenda hataroho kigedererwa.,V,DLY,,Tarukugoza abantu kwadara ha duukaye.,She does not like people to loitering around her shop.,Abaserukali bakaguza omusaija habwaki nayandarra haibwe kero /hakiteko.,"The police officers questioned the man why,was he loitering near the bank.",[],"Kwalingwa ,kutagatagiza,(dividing,idling)",,[],[],general,general,original_composition,,Project_License,2026-02-21 11:05:01.745+00,1lzzop9e4
xmdqrx3ky,KWEKAMBA,Mixed,To Put in much effort,Kutamu amaani,V,SPR,,,,,,[]," Amaani, ",,[],[],general,general,original_composition,,Project_License,2026-02-23 17:40:01.721+00,ruom6sfi4
xo2mgakef,Ensoha,Mixed,Water pot/keeping water,Esoha eyeridirwamu amaizi.,V,DLY,,Esoha gitemu amaizi gokuwnya.,pour water in the pot.,Taaha amaizi gokunywa mu nsoha.,fetch water from the pot.,[],Entugiro lyebyokunwyeraho( the big container for drinks.,,[],[],general,general,original_composition,,Project_License,2026-02-21 12:17:12.074+00,1lzzop9e4
xowoibz11,Oruganda,Mixed,"Clan ",Obuzaale bw'omuntu,N,,,ORUGANDA rwange Rwabaisanza,My Clan is of Baisanza,ORUGANDA rwa Mukazi wange rwabanyonza,The Clan for my wife is of Abanyonza,[],"Ababbopi, Abaitira, Abango,",,[],[],general,general,original_composition,,Project_License,2026-02-18 09:19:13.184+00,ruom6sfi4
xpj65swef,OKUTUNTURA,Mixed,,,V,SPR,,,,,,[],"OKUSOBERWA,KWERALIKIRRA,",,[],[],general,general,original_composition,,Project_License,2026-02-24 06:22:25.841+00,ruom6sfi4
xq6klft0x,kubaza,Mixed,talking(speaking away of communication to people),kubaza nugwo omulingo gwokugambiramu abantu.,V,DLY,,leka tubaze hamu.,let us talk togethe.,ija tukibazeho.,come and we talk about it.,[],"kugamba(telling),mugambire.",,[],[],general,general,original_composition,,Project_License,2026-02-20 09:56:28.592+00,1lzzop9e4
xqlf9sx6x,Omuntu,Mixed,Human being,Omuntu kyazairwe Omukazi n'Omusaija,N,,,Ruhanga akahanga OMUNTU kyonka OMUNTU yahanga Ensimbi,God created man but Man created Money,OMUNTU Amagezige nigatalibaniza ebyobuhangwa,The wisdom of man is disturbing   nature.,[],"Omukazi,Omusaija",,[],[],general,general,original_composition,,Project_License,2026-02-18 06:55:07.47+00,ruom6sfi4
xqpm3mx0h,Kugaarraho ebisaaru,Mixed,river reclamation,kugaarra buhya ebisaaru ebisisikaire.,V,ENV,,Omuhanda gwekisaaru gukaba gufiire baguterekereza.," Channelization was carried out to make out river flow faster.",Ekisaaru kyaitu nikigera kitakuhaba habwokuba bakakyombekara murubaju namabaale.,Our river has better drainage because i was lined with concrete.,[],,,[],[],general,general,original_composition,,Project_License,2026-02-23 06:13:25.981+00,z7cmq5grs
xrz6kkq3i,Okugonza,Mixed,To love,Kugira engonzi,N,DLY,,Nibagonzangana,They love each other,Mugonzengane mumananu,love faithfully,[],,,[],[],general,general,original_composition,,Project_License,2026-02-16 15:35:44.33+00,xv6uqkb9l
xuetob5aq,Ekitumbisa,Mixed,baking powder,,N,DLY,,,,,,[],,,[],[],general,general,original_composition,,Project_License,2026-02-23 13:32:50.068+00,1lzzop9e4
xurqdpyne,Ekitara/ekisenso,Mixed,Tied costume on ones waist to exaggerate flexibility.,Ekijwaaro kyenkindu/akahu kengeye ekibajwaara kwongera amaani arukucekeca.,N,ART,,Omwisiki ogu ekitara akigumize muno.,That girls costume is exaggerating the dance well.,Ekitara ekyenkindo  eki nikiha amaani omuzini.,The palm leaf costume is encouraging the dancer.,[],"omucence, dancing skirt(kilt)",,[],[],general,general,original_composition,,Project_License,2026-02-21 07:31:49.584+00,z7cmq5grs
xvaw27inh,Abasonga,Rutooro,,,N,,,,,,,[],,,[],[],general,general,original_composition,,Project_License,2026-02-18 14:00:32.505+00,ruom6sfi4
xx8n4ae9b,Oburomborombo,Mixed,customs internal dispute,,N,DLY,,,,,,[],,,[],[],general,general,original_composition,,Project_License,2026-02-23 11:42:26.077+00,1lzzop9e4
y1bat39tt,Katondogorozi,Mixed,Dictionary,,N,EDU,,Okiserre omu katondogorozi.,Look it up from the dictionary.,Katondogorozi nesangwamu haihi buli kintu.,Nearly everything can be found in the dictionary.,[],"kali magezi (reference, encyclopedia)",,[],[],general,general,original_composition,,Project_License,2026-02-18 14:06:13.46+00,wmqgng8ap
y1ugry8vd,Entegeka,Mixed,Planning,,V,AGR,AGR-LVS,Kulima kwobiro binu nikusemerra entegeka nungi .,Farming of today needs careful planning.,Omulimi nasemerra kukozesa entegeka za sayansi.,A farmer needs to use modern methods of farming .,[],,,[],[],general,general,original_composition,,Project_License,2026-02-21 18:27:54.564+00,wmqgng8ap
y32pkg8i9,Kurahiza,Mixed,scattering,Kunaganaga,N,DLY,,Muleke kurarangya ebintu.,Stop scattering things everywhere.,Abantu bararangire obubahulire iraka ly'enkuba.,People were scattered red when they had the echoes of the thunder.,[],kurarangya(spreading out things),,[],[],general,general,original_composition,,Project_License,2026-02-22 08:25:05.782+00,1lzzop9e4
y3gi2nmws,Batemere,Mixed,they have cleared,,V,AGR,,Batemere. hakoto.,They have cleared a large piece of land.,Batemire hansi.,They have cleared to the ground.,[],"omukutuuro(on the ground), deep down",,[],[],general,general,original_composition,,Project_License,2026-02-19 17:13:29.583+00,wmqgng8ap
y5pc3v5kk,Omujurugo,Mixed,,,N,,,,,,,[],,,[],[],general,general,original_composition,,Project_License,2026-02-21 13:38:05.445+00,7ldvwi8jh
y6c2z3064,OKUJUMURA,Mixed,"Heir to be enthroned ",Omugwetwa kuseswaho amagita nokwikalizibwa HAKITEBE KYOBUKAMA.,V,,,"Kujumura Engoma guba Mugenzo gw'omuhimbo Omubukama. ",Enthronement is celebrated Joyfully in the Kingdom .,"Kujumura kutandika ekiro, kuhwerekerra ha mamba nesara ekiro ekindi .","Enthronement rituals are done during the night and end at dawn in the next day. ",[],"Kutwara obujunanizibwa, Kwikalizibwa Hantebe Yaise.",,[],[],general,general,original_composition,,Project_License,2026-02-21 03:03:59.687+00,ruom6sfi4
ya7pjxdjh,Ekiremberro,Mixed,A Lullaby,Ekizina kyokucuncubiza omwana,V,ART,,Omwana muzinire ekiremberro agwijagire.,Sing a lullaby for the baby to soothe her to sleep.,Otalitemba enkuruuru.,My child Karoobe don't climb enkukuuru.,[],Ebiremberro(Biingi) Lullabies (plural),,[],[],general,general,original_composition,,Project_License,2026-02-22 15:20:58.585+00,z7cmq5grs
yabx6jfg8,kusobasoba,Mixed,slowly movement.,kubundamirra,V,NAR,NAR-PER,Omukaikuru yabundabunda nakaigoke yahika mwomutabani kumugambira nkoku atungire ekiroto kibi.,The old woman moved slowly with her stick and reached to his son to tell him about the bad dream she got.,"Omutani yamulengera hara naija, yagambira mukaziwe nindora mau narubata  nabundabunda naija saaha nyekyakara kiki ekyagwayo?","The son focus her coming from far and told the wife, i see my mother walking slowly coming at this early morning what happened?",[],kubundabunda,,[],"[""A-PROG""]",general,general,original_composition,,Project_License,2026-02-17 20:52:37.664+00,7ldvwi8jh
ybidkupfb,Ebiteme,Mixed,clearings,,N,AGR,,Abasaija baina ebiteme.,Men have clearings.,Obumuraba mwine ebiteme mungambire.,You will tell wen you have clearings.,[],fields.,,[],[],general,general,original_composition,,Project_License,2026-02-19 17:01:00.773+00,wmqgng8ap
ybjwbl6y4,Omwegesa,Mixed,Teacher,,N,EDU,,Omwegesa omurungi agonza abegibe.,A good teacher loves his/her children/ pupils/ students.,,,[],mentor,,[],[],general,general,original_composition,,Project_License,2026-02-19 09:18:22.453+00,wmqgng8ap
ybnbkuoyx,Abasengya,Rutooro,,,N,,,,,,,[],,,[],[],general,general,original_composition,,Project_License,2026-02-18 14:00:32.505+00,ruom6sfi4
ybu41wgtc,Nzaire,Mixed,King's Tribute,Kikubyo ky'omukama,ADJ,,,Nzaire ninsaba obunyoro,Nzaire am requesting for a job of the Chief,"Nzaire nkuletiire omujara waawe ngunu, omukamire"," Nzaire ,i have brought to you the hungry, feed him ",[],"ente  enyakuzaire, Amata, Okunywa, okwiguta",,[],[],ceremonial,adults,cleaned_historical,A,Project_License,2026-02-16 18:31:18.696+00,ruom6sfi4
yca6oyrpb,Okumalirra,Rutooro,,,N,,,,,,,[],,,[],[],general,general,original_composition,,Project_License,2026-02-19 13:49:26.333+00,7ldvwi8jh
ycei1t5u2,"AKAFEERA, ABATNTU,",Mixed,,,V,SPR,,,,,,[],"YESU, ABANTU,",,[],[],general,general,original_composition,,Project_License,2026-02-23 11:05:12.843+00,ruom6sfi4
yg4zf97a1,EMBABZI,Mixed,"Grace ",Emababazi,N,SPR,,Otugirre EMBABAZI ai Ruhanga.,"Oh God, be gracious to us.",Embabazi za Mukama waitu Yesu Kristo ziba nyingi.,The Grace of  our Lord Jesus Christ is Sufficient.,[],"Okuganyira,Ruhanga,",,[],[],general,general,original_composition,,Project_License,2026-02-24 04:18:42.809+00,ruom6sfi4
ygw0c81xb,Kubungisa,Mixed,to host someone,,N,DLY,,,,,,[],,,[],[],general,general,original_composition,,Project_License,2026-02-23 11:36:11.607+00,1lzzop9e4
yjjij0pnj,Abagabu,Rutooro,,,N,,,,,,,[],,,[],[],general,general,original_composition,,Project_License,2026-02-18 14:00:32.505+00,ruom6sfi4
yjynlj7jn,Abanyama,Rutooro,,,N,,,,,,,[],,,[],[],general,general,original_composition,,Project_License,2026-02-18 14:00:32.505+00,ruom6sfi4
yksq52yi3,MULINZI,Mixed,,,ADJ,,,,,,,[],"RUHANGA,",,[],[],general,general,original_composition,,Project_License,2026-02-23 09:28:18.928+00,ruom6sfi4
yl3mlrp60,Ebikoikyo,Rutooro,Riddles,,N,,,,,,,[],,,[],[],general,general,original_composition,,Project_License,2026-02-23 08:51:44.845+00,7ldvwi8jh
yl6wb8949,Obunabi,Mixed,Povery,Obutesobora,N,NAR,NAR-PER,,"The poverty is very bad in the community, we better try to fight about it.",,,[],,,[],[],general,general,original_composition,,Project_License,2026-02-23 07:57:00.226+00,7ldvwi8jh
ylewo90jq,Kuteraniza,Mixed,Adding,,N,DLY,,,,,,[],,,[],[],general,general,original_composition,,Project_License,2026-02-22 06:43:00.078+00,1lzzop9e4
ylgkltg5q,KUGABURA,Mixed,"To wed ",Kutahya omukazi omuka yaawe.,V,,," Okugabura kuleeta omuhimbo omuruganda.",To wed  attracts a lot of Joy.,"KUGABURA muhimbo gwa Kiswera,okujaguza nukwo kwa bagenyi.","To wed is the Joy of the Groom, celebration is for the guests.",[],"Kuswera, Obugenyi, Kutahya,",,[],[],general,adults,original_composition,,Project_License,2026-02-20 06:59:35.099+00,ruom6sfi4
ynirzmr0u,emyetwalize,Mixed,Behaviour,,N,GOV,,emyetwalize ya Abanyoro yali nungi Omubukama.,The behaviour of chiefs was good in the kingdom.,Abantu nibasemerra kwetwazaaga kurungi.,People ought to behave well.,[],conduct,,[],[],general,general,original_composition,,Project_License,2026-02-22 07:51:58.339+00,wmqgng8ap
yow1j5elc,Ekyaro,Mixed,A village,,N,DLY,,,,,,[],,,[],[],general,general,original_composition,,Project_License,2026-02-22 06:49:21.986+00,1lzzop9e4
yp78a86ja,enyegesa,Mixed,teaching,kwegesa,V,EDU,,enyegesa ya tooro na bunyoro  nungi,The teachings in tooro and bunyoro is good,enyegesa ya tooro na bunyoro teri nungi nakake,The teaching in tooro and bunyoro is not good at all,[],"ebyenyegesa (education),ebyokosomesa (teaching), ebirikwata hakusoma ( concerning education), ebegesibwe( the educated))",,[],[],general,general,original_composition,,Project_License,2026-02-18 09:24:17.049+00,vf8io61pl
yps4w4u4e,Endwaire,Mixed,,,N,,,Ebisoro byomumaka bigira endwaire nyingi,Domestic animals have many diseases.,Abafumu bebisoro nubo babijanjaba .,Domestic animals are treated by animal doctors.,[],enfu,,[],[],general,general,original_composition,,Project_License,2026-02-21 16:23:51.956+00,wmqgng8ap
ypvkr056i,Enyama yembuzi,Mixed,,,N,,,,,,,[],,,[],[],general,general,original_composition,,Project_License,2026-02-21 14:27:14.729+00,7ldvwi8jh
yr8el1lv6,Obunuzi,Mixed,taste,,N,DLY,,,,,,[],,,[],[],general,general,original_composition,,Project_License,2026-02-23 11:38:46.824+00,1lzzop9e4
yv5ptfstg,Omukoona,Runyoro,The Guard of the Royal Seat,Omwisanza anyakulinda Ekitebe ky'omukama,N,,,Omukoona aruga omu Baisanza omulimogwe nukwo kulinda  Ekitebe Ky'omukama,The Omukoona is chosen from Baisanza Clan  and his responsibility is to protect and guard the royal seat.,Omukoona agunura  muno amaiso omukulinda ekitebe Kyomukama kandi ayehugura kwemanyiiza Ababiito,The Omukoono is always  alert when performing his duty and  always scared of the Royals.,[],"Mulinzi, Mugizi, Munyamirwa",,[],[],general,general,original_composition,,Project_License,2026-02-17 10:57:24.021+00,ruom6sfi4
ywaw5fkpk,KUCWA,Mixed,To Fix amount,Kutaho Omuhendo,V,,,KUCWA omuhendo Mura hali Muko waawe nooba nomutinisa.,Fixing a hire amount of the Bride wealth discourage the intending Bride Groom.,Biro binu KUCWA Ente Omubuswezi nibakigonza muno.,Fixing  Bride Price  in a form of Cows is so much Loved.,[],"Ensimbi, Ente, Embuzi, Omukaaga",,[],[],general,elders,original_composition,,Project_License,2026-02-20 03:46:36.655+00,ruom6sfi4
yy0ys44dm,Emiyaga emibi kusiisa ensi,Mixed,Global warming,Kusiisa obufuki nobutagasi bwensi nubuleelwa emirimo etali emu.,N,ENV,," Orwooya n`emiika mibi kuruga mu makoorro,nibisiisa muno enyikara yensi.",The gases and fumes from the factories have polluted the atmosphere.,Enjara n'endware bikanyire habworwo oya orubi orurukuruga mu makoorro.,Famine and poor health have increased due to the bad air in the atmosphere.,[],,,[],[],general,general,original_composition,,Project_License,2026-02-23 15:40:07.147+00,z7cmq5grs
yytnw5zu9,Kutondora,Mixed,peeling,kutondora ebitooke,V,DLY,,Mbaire nintondora ebitooke.,I have been peeling bananas.,Abaana nibatondora ebitooke mukicumbiro.,"The children are peeling bananas in the kitchen. ",[],,,[],[],general,general,original_composition,,Project_License,2026-02-20 19:33:07.073+00,1lzzop9e4
yz9v7of9c,Omudibo,Mixed,,,N,CUL,CUL-FOO,,,,,[],,,[],[],general,general,original_composition,,Project_License,2026-02-21 16:04:50.65+00,7ldvwi8jh
z1682i0qo,EKYONZIRA KYOMUNTU,Mixed,"Human sacrifice is prohibited ",Ekyonzira ky'omuntu kizira,N,,,Bunyoro na Tooro  ekyonzira kyomuntu  muntu mutaahi waawe Kizira.,In Bunyoro and Tooro the act of sacrificing your fellow human being is prohibited.,okwita omuntu kireta akabi kaingi hali ogu aisire.,"Sacrificing a human being is a curse to the bearer. ",[],"Omuntu,Emizizo",,[],[],general,general,original_composition,,Project_License,2026-02-22 02:50:43.575+00,ruom6sfi4
z45lz7nx7,Entebe,Mixed,chair,,N,EDU,,Entebe bazikarraho.,People sit on the chair.,Entebe ina akasago neyoroba.,The chair with a cushion is soft.,[],"kwehenda, kutahangalika",,[],[],general,general,original_composition,,Project_License,2026-02-19 10:28:32.858+00,wmqgng8ap
z6gl894ly,Abakoransi,Rutooro,,,N,,,,,,,[],,,[],[],general,general,original_composition,,Project_License,2026-02-18 14:00:32.505+00,ruom6sfi4
z70giozfr,Ebyapa,Mixed,labels,,N,EDU,,Ebyapa bikonyera kwoleka ebintu.,Labels help to identify things.,Ebyapa bikonyera kuhabura.,Labels help in guiding the user.,[],,,[],[],general,general,original_composition,,Project_License,2026-02-19 12:25:23.354+00,wmqgng8ap
z8b9sdezi,Kucuyaya,Rutooro,Aside-to-side movement made while singing love hametic songo swenging,Kuteera enanga nogenda orubaju n'orubaju,V,ART,,"Okweoteera enanga nocuyaya enanga evemura ",The song''nanga'' was sang with aswaying movement,Mucuyaaye nimugenda rubaju nukwe mwerinde ku humirana,The singers are well advised to sing while swaying from side to side,[],,,[],[],general,general,original_composition,,Project_License,2026-02-22 13:44:39.827+00,z7cmq5grs
z9cu0mgup,Ekikaali,Mixed,"The estate  around   the official house of the King, standing in an enclosure  known as Palace of the  King.","Ekikaali nugo amaju nebi bbira eby'ombekerwe  haihi nakaruziika omunda ya muhuruzi. ",N,,,"Amaju agamu agaba omukikaali nugo ganu: Ebibbira by'emirwa, Kyookya, Rwengo, Kacwabwemi n'Obukomo.","Some houses that make the Palace[ ekikaali] are as follows:
Shrines, Arches, royal Kitchen, House of King's wife, House the Princes.",Abantu boona abaraara omu kikaali baliira hamu ha Ruhango rw'omukama,"All those who stay in the Palace, feed on Royal Dish [Oruhango]",[],"Eka y'omukama,Orubuga Rw'omukama",,[],[],general,general,original_composition,,Project_License,2026-02-17 14:47:32.94+00,ruom6sfi4
za6pudmel,kusagika,Mixed,To Support,Kusagika,V,DLY,,Ntubasagika,We are supporting them,Tuli basagiki babo,we are their support,[],Kukonyela(help),,[],[],general,general,original_composition,,Project_License,2026-02-16 12:21:05.431+00,xv6uqkb9l
zbon0sh5g,KWANA,Mixed,,,V,SPR,,,,,,[],"OMUNTU,",,[],[],general,general,original_composition,,Project_License,2026-02-23 09:53:50.487+00,ruom6sfi4
zcz57lpup,Enyomyo,Mixed,Pillar,Omuti,N,NAR,NAR-HIS,"Enyomyo yeka egenzire,omusaija owabaire enyuma yabulikintu takyaloho.","The pillar of this house has gone, the man who was behind everything is no more. ",Araihire nkenyomyo omukicweka/omubantu kandi aheebwa ekitinisa abantu boona.,"He stood tall like a pillar in the community, respected by all. ",[],"Nyomyo,muti",,[],[],general,general,original_composition,,Project_License,2026-02-19 18:44:38.142+00,7ldvwi8jh
zech926gh,IS'ITWE,Mixed,Father,Ise Abantu,N,SPR,,Ruhanga Isitwe nuwe ya hangire abantu nebintu byona.,,Isitwe ali Mwiguru Ibara lyawe lyezibwe kandi Litiinwe.,"Our Father in heaven, hallowed be your name.",[],"OBUSATU, ",,[],[],general,general,original_composition,,Project_License,2026-02-22 17:59:55.873+00,ruom6sfi4
zf2611z64,Abaami,Rutooro,,,N,,,,,,,[],,,[],[],general,general,original_composition,,Project_License,2026-02-18 14:00:32.505+00,ruom6sfi4
zfli3ep41,Magezi,Mixed,Clever,,N,GOV,,Magezi muntu wamagezikwo nk'ibaralye.,Magezi is a clever person as his name.,Kuba  mugezi kiba kisembo kuruga hali Ruhanaga.,To be clever  is a gift from God.,[],,,[],[],general,general,original_composition,,Project_License,2026-02-22 10:07:55.286+00,wmqgng8ap
zgs9ewxyb,Kwebundaza,Mixed,Obedient,,V,EDU,,omwana mwebundazi.,Obedient child.,Officer arukwebundaza hali bakurube.,An obedient officer to superiors.,[],"obuculeezi(humble), obuhulizi(lister).",,[],[],general,general,original_composition,,Project_License,2026-02-18 12:19:25.106+00,wmqgng8ap
zhmaksubl,OBUTWEKI,Mixed,Pregnancy before Marriage,Okutwara Enda omwisiki atakaswirwe.,N,,,"Omwana omwisiki ayerinda okutwekwa atakaswirwe habwokuba kumwihaho ekitinisa,",Young Girls are made aware  that pregnancy before marriage is a disgrace to them.,Obutweki bugayisa abazaire.,Pregnancy before Marriage also brings disgrace to Parents because it indicates poor up bringing.,[],"Abaisiki, MIZIZO",,[],[],general,general,original_composition,,Project_License,2026-02-22 02:34:36.478+00,ruom6sfi4
ziojqm2nv,makondere,Mixed,"The royal dance ""amakondere"" ",amazina agakahooho hamikoro y'bukama amakondere.,N,ART,,Omukama obwa igwira empango abatungwa batandika amakondere.,When the king started the drum all dancers started dancing.,Empango esisikaire habwokuba abteezi bamakondere tibabaireho.,The ceremony was about to slope because some trumpet blowers were absent.,[],trumpet,,[],[],general,general,original_composition,,Project_License,2026-02-21 12:26:15.422+00,z7cmq5grs
zll7plb6a,Ekisembo,Mixed,Gift,kisembo,V,NAR,NAR-PER,Omuntu mukuru ampaire ekisembo kyesimo.,An elder gifted me a phone.,Abeegi batungire ekisembo kirungi.,"Students received a nice gift. ",[],,,[],[],general,general,original_composition,,Project_License,2026-02-23 08:55:16.449+00,7ldvwi8jh
zlzzay6bd,Kurarangya,Mixed,Scattering(Spreading things over a wide area),"kurahiza, rahiza(ebintu nobinaganaga mukikaro kitali kimu)",V,DLY,,Nararangya ebyakyo hona hona.,He is scattering flowers everywhere.,"Omulimi abaire nararangya ekirisa musiri gwona. ",The farmer was scattering manure allover the field.,[],kurahiza(spilling),,[],[],general,general,original_composition,,Project_License,2026-02-20 06:39:26.687+00,xr4kqiwdm
zo3d9qme8,"Muhanuuzi,",Mixed," The Counsellor",Muhi wamagezi kandi Muhanuuzi.,N,SPR,,,,,,[],"Kucika,Kukurata, kwikirraniza, Orukurato,",,[],[],general,general,original_composition,,Project_License,2026-02-23 18:02:41.932+00,ruom6sfi4
zp8a8jawj,Ebyafaayo,Mixed,History,,N,EDU,,Ebyafaayo byegesa.,we learn from history.,Ebyafaayo byegesa omudoma.,history teaches a fool.,[],"ebyaira(of long ago), ancient, past events.",,[],[],general,general,original_composition,,Project_License,2026-02-18 13:49:23.649+00,wmqgng8ap
zt5fkyrid,Ekitakuli,Mixed,"Sweet potatoes  ","Enkoora ",N,CUL,CUL-FOO,Omukaikuru acumbire ebitakuli binuzire ebiri habihiimba.,The old woman cooked nice sweet potatoes with beans.,Ebitakuli tubikoza mumukubi gwebinyobwa nemikubi endi.,"We use groundnuts and other types of source to eat sweet potatoes. ",[],Ebitakuli,,[],[],general,general,original_composition,,Project_License,2026-02-21 09:45:05.248+00,7ldvwi8jh
zu9i8x2l2,Kufuhiira,Mixed,Spraying,kukozesa emibazi etali emu nukwo oite obuhuka oburukusiisa emisiri yaitu.,N,ENV,,Omukiikaro kyokwombera abandi bakozesa emibazi yokufuhiira.,"The farmer use herbicides to spray weeds instead of weeding with hands.                                                                                                                                                                                                                                     ",Akafujiriza omubazi mwingi ebihimba bye byoona byayoma.,All her beans withered because she used an over doze to spray her garden of beans.,[],,,[],[],general,general,original_composition,,Project_License,2026-02-22 20:06:31.771+00,z7cmq5grs
zucy46452,OMWANA OMWOOJO TAYOTA MURRO NANYINA,Mixed,A Son is prohibited to sit in the kitchen with the mother.,Omwana omwojo tayota murro nayina mwicumbiro.,V,,,"Mwana wange ompurre otalyota murro na Nyoko, ohembege orwooto orwawe.","My Son, listen to me , never sit with your Mother in the kitchen, always make your own fire place.","Abakazi basoberwa bingi omwicumbiro, omwana omwojo ayoota naIse.",Women get a lot of challenges in the kitchen hence sit with your father.,[],"EMIZIRO,",,[],[],general,general,original_composition,,Project_License,2026-02-21 13:58:33.043+00,ruom6sfi4
zvhx0tdq7,Abasezi,Rutooro,Sorcerer,,N,,,,,,,[],,,[],[],general,general,original_composition,,Project_License,2026-02-23 06:40:33.127+00,7ldvwi8jh